id,session_id,user_id,joined_at,left_at
2f401c69-6fb0-4f26-a4c4-e3c96f508ac3,f7801428-546c-4a46-af77-946fff37297a,8a52dde1-0eb7-4cdf-a260-8946b5996f11,2026-06-19 14:27:50,2026-06-19 16:22:50
c6631d48-46cf-431f-ad5d-fc737f01f9bc,f7801428-546c-4a46-af77-946fff37297a,4fdb4c3e-d350-446e-b914-016b5168675d,2026-06-19 14:28:00,2026-06-19 16:35:00
10c697fb-3d05-4569-8031-7e7e09f632b1,f7801428-546c-4a46-af77-946fff37297a,e9a7d752-9b25-4616-92b3-edb905512202,2026-06-19 14:30:07,2026-06-19 15:27:07
c9d170a9-e9ea-4f44-b9c5-c2222c652d8b,3c90df4e-0068-4b62-a941-4e60611e0f1f,8c1c7130-727a-4ee2-99f4-710a13ac717a,2026-06-19 14:30:34,2026-06-19 16:18:34
acff9d8c-7b56-489f-9023-1be999028e97,b3d1a17a-4dc9-4237-ae98-6aa8624ad0d8,95999ef1-3dee-413a-91d9-58f1c8b7d3dc,2026-06-19 14:31:09,2026-06-19 16:05:09
faa346f8-0b8e-472f-ba18-ced51d63d424,37091c5e-8947-429a-9ccd-8af98b4de5e0,16680d46-fc8a-4691-8b00-b09bc2004a19,2026-06-19 14:32:08,2026-06-19 15:12:08
c9cdbad0-c841-4e8d-b3ba-f333a89f5837,e803b49a-fb3c-4671-9348-85ee583f00fd,22a990f3-a58e-4b79-a832-f797a1f2489f,2026-06-19 14:32:16,2026-06-19 15:38:16
684cd92a-d2d0-4d8e-bb93-49bf9829b0be,5445fe91-8c6d-4ed8-9eae-73a4f5ba541d,6bd5d031-e68b-47c0-8300-c43f0c2f35f7,2026-06-19 14:32:37,2026-06-19 15:56:37
4f009636-4fa6-467f-8c3a-3d0a09f09778,e803b49a-fb3c-4671-9348-85ee583f00fd,373c3697-78cf-4304-af76-ea5a452dad05,2026-06-19 14:32:47,2026-06-19 17:26:47
3adbae15-4c83-480b-84f6-20b3a9a8dd4f,f7801428-546c-4a46-af77-946fff37297a,604cc5c8-b374-4801-ad23-e6a8e117d809,2026-06-19 14:33:24,2026-06-19 14:42:24
e5ee87d2-c6f8-4935-9944-248a58ac5aa6,20ce9f0b-446b-4e84-a47a-d27465f02e67,604cc5c8-b374-4801-ad23-e6a8e117d809,2026-06-19 14:33:42,2026-06-19 15:30:42
bd24c2df-cf9d-4e4c-802a-623ad38629b3,62f1929e-da17-43da-b2c9-832adaeedeb5,1c92f5ed-55b7-4c90-8efa-2741a382d3e3,2026-06-19 14:33:51,2026-06-19 17:16:51
5c8b19e7-656e-4033-afb7-20f742e3586b,37091c5e-8947-429a-9ccd-8af98b4de5e0,1efe8a03-0ff0-4d5c-aed3-1bdf1a07b889,2026-06-19 14:35:10,2026-06-19 17:07:10
14769408-fd2d-43f9-b1cb-7fbba6026987,37091c5e-8947-429a-9ccd-8af98b4de5e0,7a9d5fb0-a416-4f2e-af89-c7b367d8ff11,2026-06-19 14:36:13,2026-06-19 15:15:13
fe724539-b804-4183-947b-03d7b502ca42,62f1929e-da17-43da-b2c9-832adaeedeb5,7a9d5fb0-a416-4f2e-af89-c7b367d8ff11,2026-06-19 14:37:30,2026-06-19 14:51:30
f20354f0-04dc-4085-b636-eb55404318e2,e803b49a-fb3c-4671-9348-85ee583f00fd,9ab76931-aeeb-4afa-bd81-01968bc461c6,2026-06-19 14:37:42,2026-06-19 16:19:42
3797ee95-ac2c-474b-a69b-eff0aa07a9ef,5445fe91-8c6d-4ed8-9eae-73a4f5ba541d,891bc6b6-cdb7-4d63-b086-81a126bb775a,2026-06-19 14:37:50,2026-06-19 15:28:50
6364acf5-ee50-41d0-b698-23b545a38e29,3f92e944-cdaf-4ce9-b87b-81112f4482ef,061b5104-ae8b-4699-b5cf-5e040ea1b762,2026-06-19 14:37:56,2026-06-19 16:18:56
6b55d26b-520e-4c92-90eb-825e42a91f2b,5a776510-343f-4c67-a1f7-9d74bdd7dcca,25e54e8f-c21a-44aa-ba25-ba90dd594590,2026-06-19 14:38:02,2026-06-19 16:00:02
dfe35b79-2b0f-4f64-ae85-17da7afaf05b,5995d61d-c827-4a56-ac5d-fba898457bac,b67bd8b7-c2ef-46f2-b752-0407b8ed5341,2026-06-19 14:38:20,2026-06-19 15:03:20
5f57432c-0aa0-402a-8b36-642b2184c855,5445fe91-8c6d-4ed8-9eae-73a4f5ba541d,3f78906d-8830-4afd-9569-6682c625741e,2026-06-19 14:39:52,2026-06-19 14:55:52
1ce83c76-7227-4964-8199-3d76727c8a83,3c90df4e-0068-4b62-a941-4e60611e0f1f,6746fcd9-3095-4b62-aa03-12fecb4a285f,2026-06-19 14:40:07,2026-06-19 17:27:07
eb5c9ea3-d77c-4797-93d5-348fff6f81a0,3f92e944-cdaf-4ce9-b87b-81112f4482ef,bb309fa2-47fc-4d74-b2e2-6b6c986fbd34,2026-06-19 14:40:59,2026-06-19 17:37:59
35b843a4-a5d5-4b77-bee9-84b3f6cbf80c,20ce9f0b-446b-4e84-a47a-d27465f02e67,a346bb1e-a7ff-4018-9c61-0eca86df0f61,2026-06-19 14:41:12,2026-06-19 15:40:12
f8f18f45-ad78-4167-95a0-8755b697e58a,37091c5e-8947-429a-9ccd-8af98b4de5e0,a9df166f-15a5-405e-8af7-472cba5d2aea,2026-06-19 14:43:51,2026-06-19 15:16:51
95f0d7b0-9f53-4bfe-a180-b7fa0769aad6,3c90df4e-0068-4b62-a941-4e60611e0f1f,b77e12ac-c966-4c38-8d0c-b7afef27f6db,2026-06-19 14:43:59,2026-06-19 16:25:59
67482c8a-b087-4d28-96c5-c37114e27b46,f7801428-546c-4a46-af77-946fff37297a,891bc6b6-cdb7-4d63-b086-81a126bb775a,2026-06-19 14:44:13,2026-06-19 17:42:13
1a3d5258-1cd9-4c9b-a63c-c8afad218d76,5995d61d-c827-4a56-ac5d-fba898457bac,8e8dc62e-dec8-4a50-99cf-d96a02710343,2026-06-19 14:44:30,2026-06-19 15:53:30
c31cbae3-0e4d-43e8-bd91-d4749e232d23,1eb8f48d-9529-45a1-adaa-5b7399e85c38,a95af4fd-cedb-4891-82b8-7a98a84d797d,2026-06-19 14:45:03,2026-06-19 17:16:03
e6147343-5432-4280-8600-61664b301ce0,8c7d1ae1-e5f6-44aa-bcf6-27603672a26f,061b5104-ae8b-4699-b5cf-5e040ea1b762,2026-06-19 14:45:54,2026-06-19 16:13:54
4c33df17-2b4f-4dd3-a726-1cf77369133c,bf35718c-c905-4457-92b9-d31c727978f6,0ce42ca3-c85d-4327-b49d-0e8adb74d2c9,2026-06-19 14:46:09,2026-06-19 15:52:09
d228f116-c39b-44b9-92d7-eaa9f9d2671c,3f92e944-cdaf-4ce9-b87b-81112f4482ef,38be73d8-5ac3-452f-9590-060525df25af,2026-06-19 14:46:31,2026-06-19 15:09:31
6d15b099-eae2-4337-8d30-389985e9629b,37091c5e-8947-429a-9ccd-8af98b4de5e0,618b0ae7-0fff-48fb-9370-a843df38b9c6,2026-06-19 14:46:58,2026-06-19 16:40:58
650207c9-f022-4dcd-9019-94f480c22297,c4bf5c61-d5b1-4eab-a81e-691f56773a62,39b3f684-9677-4ff0-bc81-276b045ab4aa,2026-06-19 14:47:16,2026-06-19 17:20:16
de01e763-5f3d-4bad-b1ac-4a54956a4c0c,3f92e944-cdaf-4ce9-b87b-81112f4482ef,c7aaa5f5-beb5-4c7d-b2de-2b8217c691ce,2026-06-19 14:47:26,2026-06-19 15:18:26
a15bfa9f-2729-4e4b-8b7d-331c3410269e,bf35718c-c905-4457-92b9-d31c727978f6,c1323a63-30c3-41c2-a010-6259c8ad8714,2026-06-19 14:47:37,2026-06-19 16:02:37
eb7e7cef-85df-4b1a-8c23-1fa0a3c9cbe4,8c7d1ae1-e5f6-44aa-bcf6-27603672a26f,8c1c7130-727a-4ee2-99f4-710a13ac717a,2026-06-19 14:48:56,2026-06-19 15:48:56
b2d73298-4b76-4b1e-b462-29e10ba3711f,bf35718c-c905-4457-92b9-d31c727978f6,252c4b16-8466-4b90-8f96-8f90afd0291f,2026-06-19 14:49:05,2026-06-19 17:31:05
287c3459-0eec-4f7a-a217-b13f49f9e6f8,3f92e944-cdaf-4ce9-b87b-81112f4482ef,0f42e55c-e2f1-4ef6-959b-0e39485b881f,2026-06-19 14:50:19,2026-06-19 15:19:19
d74211a8-b7df-4687-b2d4-84fe4e828b88,5445fe91-8c6d-4ed8-9eae-73a4f5ba541d,1f2504b1-a8c2-487d-b463-eb1d7a077e48,2026-06-19 14:50:41,2026-06-19 17:48:41
bb8e69cb-df41-4d1f-b29a-bbd6b25d89b9,f7801428-546c-4a46-af77-946fff37297a,8a52dde1-0eb7-4cdf-a260-8946b5996f11,2026-06-19 14:51:31,2026-06-19 15:53:31
2cee9a08-6124-45c4-a51a-edd8cc690c95,fee4726a-b3b6-419f-a022-abbcf26f3876,cfb82812-3cd3-47ac-aba4-f0ec54e7a3a0,2026-06-19 14:54:00,2026-06-19 16:35:00
1e933d42-52f9-4a77-aed9-ff82adb66ac7,880f57ae-5c8f-463b-b3ab-ca56cacfa5b9,891bc6b6-cdb7-4d63-b086-81a126bb775a,2026-06-19 14:55:25,2026-06-19 15:15:25
5427501d-d8be-4cb7-97f9-6ee09791668e,880f57ae-5c8f-463b-b3ab-ca56cacfa5b9,0f42e55c-e2f1-4ef6-959b-0e39485b881f,2026-06-19 14:56:21,2026-06-19 15:18:21
8802dbe7-c8dd-460a-8c12-9b0758d6930d,880f57ae-5c8f-463b-b3ab-ca56cacfa5b9,0f42e55c-e2f1-4ef6-959b-0e39485b881f,2026-06-19 14:57:51,2026-06-19 15:11:51
50b8d752-b036-4995-8fa5-0bd445fc944e,880f57ae-5c8f-463b-b3ab-ca56cacfa5b9,06976bce-6513-48e4-9af3-08e5c05693cd,2026-06-19 14:58:06,2026-06-19 15:45:06
e1350b27-a52d-416e-a000-3c427d308dfa,4f984a16-0517-4656-8012-1c3dd4fac485,7a9d5fb0-a416-4f2e-af89-c7b367d8ff11,2026-06-19 14:58:14,2026-06-19 17:10:14
d5092499-f5e6-420e-9e5f-4fffe1b74b22,880f57ae-5c8f-463b-b3ab-ca56cacfa5b9,bb309fa2-47fc-4d74-b2e2-6b6c986fbd34,2026-06-19 15:01:40,2026-06-19 17:35:40
780f13e3-e7e4-4cf4-9a6b-524ba06bea7c,02dfbbd1-f6a5-430a-947f-167fbd7a3013,935e89a9-8b0c-4881-bacd-5eba3c421d14,2026-06-19 15:02:16,2026-06-19 17:01:16
f6f4f134-53e4-41d5-a919-3f52fa7b4702,4f984a16-0517-4656-8012-1c3dd4fac485,e9a7d752-9b25-4616-92b3-edb905512202,2026-06-19 15:03:01,2026-06-19 15:18:01
b8ca6cde-bc63-443e-8697-4b6b775dbb5f,880f57ae-5c8f-463b-b3ab-ca56cacfa5b9,c1323a63-30c3-41c2-a010-6259c8ad8714,2026-06-19 15:03:21,2026-06-19 16:34:21
c39d1240-7083-47fb-9713-3c0ac482e4e4,274fcd43-1ee8-4dec-b4db-343d9298d14b,9f7f4ca0-5afb-45d7-be70-b6d8d99b98ac,2026-06-19 15:05:18,2026-06-19 16:43:18
ff40cb86-da05-4395-bbe3-f30c74452c15,188bc9a4-7925-481f-8e87-f9576fb35979,0f42e55c-e2f1-4ef6-959b-0e39485b881f,2026-06-19 15:05:32,2026-06-19 16:39:32
32901584-5bca-4f3b-ab2e-9e0627ccc7af,e0e0d05c-6587-4d9a-8bb5-340c7a92b34d,c53a6b3a-df85-4ade-9c4e-78a656ae0d51,2026-06-19 15:06:01,2026-06-19 17:33:01
524fc9eb-ecf5-4deb-a362-98057e880f61,c909bb40-cf11-4fe2-b9fe-9c6b9268522c,bac6d5f1-3c7d-4a24-b9f7-a361d17def20,2026-06-19 15:06:29,2026-06-19 17:00:29
8c6c6546-e2d2-44f8-a8c2-ef1f14310495,c0af0a4c-4954-46c1-8ccc-042f2232703d,1f2504b1-a8c2-487d-b463-eb1d7a077e48,2026-06-19 15:09:19,2026-06-19 17:43:19
17a7229a-55ae-42d2-a499-fe81c617ceda,c0af0a4c-4954-46c1-8ccc-042f2232703d,c53a6b3a-df85-4ade-9c4e-78a656ae0d51,2026-06-19 15:09:41,2026-06-19 16:01:41
1d007858-b0f9-419e-9878-ba2a23fd7e50,274fcd43-1ee8-4dec-b4db-343d9298d14b,a9df166f-15a5-405e-8af7-472cba5d2aea,2026-06-19 15:09:50,2026-06-19 17:34:50
dfaf68e7-9179-4ed9-81fe-61f0e9e81d97,02dfbbd1-f6a5-430a-947f-167fbd7a3013,a346bb1e-a7ff-4018-9c61-0eca86df0f61,2026-06-19 15:10:29,2026-06-19 17:24:29
fa2090a5-5b8a-46b9-9fce-a60a078a65a6,da209146-2478-47b0-9ff5-cc5de3e93475,bb309fa2-47fc-4d74-b2e2-6b6c986fbd34,2026-06-19 15:12:32,2026-06-19 15:29:32
eed22680-2210-49cc-8c9d-76636fe3f208,c909bb40-cf11-4fe2-b9fe-9c6b9268522c,3b8c4752-b3a3-420b-9c74-36921cf61c76,2026-06-19 15:12:42,2026-06-19 18:03:42
c5f362dc-8e05-4228-bc27-5dfac8a0771f,86507c7e-f855-4f43-9af2-9b231ef7a74c,e9c9dfc1-58fd-4435-9a97-497d3d3caa5f,2026-06-19 15:13:23,2026-06-19 17:54:23
94035153-ab6d-4d14-928d-c4e2a6892c0e,96bd7691-62b1-4f1c-bae5-1abdd28e68f3,a346bb1e-a7ff-4018-9c61-0eca86df0f61,2026-06-19 15:13:38,2026-06-19 18:02:38
c7dd0beb-abfd-4d59-a255-fe588dcbc8ff,880f57ae-5c8f-463b-b3ab-ca56cacfa5b9,fe3011a0-c931-4512-aa21-3b4013c88951,2026-06-19 15:14:24,2026-06-19 17:41:24
89d8a7b6-46ca-4a81-9270-39976b6e2ab0,95c46dc7-4754-4475-9ca5-273289bec43e,061b5104-ae8b-4699-b5cf-5e040ea1b762,2026-06-19 15:15:47,2026-06-19 16:58:47
db6d6de2-47df-40db-bc3d-70b803f73857,880f57ae-5c8f-463b-b3ab-ca56cacfa5b9,061b5104-ae8b-4699-b5cf-5e040ea1b762,2026-06-19 15:15:54,2026-06-19 16:20:54
95acae4d-167c-4db8-8b2e-6c60e1dd0303,880f57ae-5c8f-463b-b3ab-ca56cacfa5b9,e9a7d752-9b25-4616-92b3-edb905512202,2026-06-19 15:16:00,2026-06-19 16:41:00
4c67a6cc-056e-4a6c-ae78-7c546c6753b8,4f984a16-0517-4656-8012-1c3dd4fac485,373c3697-78cf-4304-af76-ea5a452dad05,2026-06-19 15:16:08,2026-06-19 17:12:08
9d5f3be0-2b7a-486d-9c77-8d5699119186,b6730968-337a-4906-b245-c079b1f0aeb3,252c4b16-8466-4b90-8f96-8f90afd0291f,2026-06-19 15:16:20,2026-06-19 18:05:20
eb69aeb3-c1ad-4121-a090-ca9b93949115,02dfbbd1-f6a5-430a-947f-167fbd7a3013,bac6d5f1-3c7d-4a24-b9f7-a361d17def20,2026-06-19 15:16:54,2026-06-19 16:06:54
0f430d13-1840-4166-8b69-24497d2251a1,c0af0a4c-4954-46c1-8ccc-042f2232703d,061b5104-ae8b-4699-b5cf-5e040ea1b762,2026-06-19 15:17:04,2026-06-19 16:15:04
5215ce9f-b8a6-4a37-9199-b54f2821e331,00841a24-28b4-437a-9a33-6d9397e9551c,c1323a63-30c3-41c2-a010-6259c8ad8714,2026-06-19 15:18:26,2026-06-19 17:09:26
f1668b3a-15bb-40fc-bcdc-70379e7bf876,daa64933-4bd2-4005-ab83-a329ba7e455b,9fd6178d-2e32-495f-b3aa-e2cb46aef3f6,2026-06-19 15:18:37,2026-06-19 15:28:37
757ebee9-6bfd-48e3-a1e0-0c53ba88ecd7,b6730968-337a-4906-b245-c079b1f0aeb3,bac6d5f1-3c7d-4a24-b9f7-a361d17def20,2026-06-19 15:19:03,2026-06-19 17:29:03
e3d1a3a0-3a3f-432f-b616-40a7b177bdb6,880f57ae-5c8f-463b-b3ab-ca56cacfa5b9,16680d46-fc8a-4691-8b00-b09bc2004a19,2026-06-19 15:19:45,2026-06-19 16:35:45
bbd20f45-b712-4c7e-8517-e4cbc0a37861,00841a24-28b4-437a-9a33-6d9397e9551c,e004d3d6-e3c4-48b9-998b-7b53a075e6c4,2026-06-19 15:20:10,2026-06-19 15:27:10
88859ddd-a108-40c2-869c-37c0ff445175,272b72c1-bc18-4517-a675-4bf1fe2173b2,8c1c7130-727a-4ee2-99f4-710a13ac717a,2026-06-19 15:21:01,2026-06-19 15:59:01
f37d4076-13a3-48e2-b449-3c7a78ed9726,2484a3f9-fc97-4c21-9b78-ac002ae50d0c,67465aa7-e829-469c-8151-d4d82a624b55,2026-06-19 15:21:17,2026-06-19 17:43:17
e6394c3c-89b2-4bbf-89f3-b824ebbb837c,86507c7e-f855-4f43-9af2-9b231ef7a74c,b77e12ac-c966-4c38-8d0c-b7afef27f6db,2026-06-19 15:22:09,2026-06-19 16:27:09
7fc15399-c68e-4c10-81d6-566aec71d4d6,4f9e3186-6f04-4ec2-8fba-edb9d28368d1,7a9d5fb0-a416-4f2e-af89-c7b367d8ff11,2026-06-19 15:22:24,2026-06-19 17:51:24
c1621731-2551-40b3-aa24-3a8e75fd401e,ca3e6a0a-bfd6-4724-846d-839fc7ed47d2,373c3697-78cf-4304-af76-ea5a452dad05,2026-06-19 15:23:24,2026-06-19 15:46:24
9716170c-3d07-47e4-81dc-a29c28d6d2f4,2c3b31b8-9ff5-448f-81ff-4a4ecc8c6464,b67bd8b7-c2ef-46f2-b752-0407b8ed5341,2026-06-19 15:24:46,2026-06-19 15:37:46
e0b660c1-8983-477a-9143-89710a570d02,23844cff-68ef-455c-9597-64212a720864,e9a7d752-9b25-4616-92b3-edb905512202,2026-06-19 15:25:46,2026-06-19 17:55:46
8bc39017-8013-4cee-81da-f93f7ab3e229,b6730968-337a-4906-b245-c079b1f0aeb3,935e89a9-8b0c-4881-bacd-5eba3c421d14,2026-06-19 15:26:00,2026-06-19 16:34:00
00760668-4cad-4046-849c-8bd18f4ebfa1,00841a24-28b4-437a-9a33-6d9397e9551c,0f42e55c-e2f1-4ef6-959b-0e39485b881f,2026-06-19 15:26:36,2026-06-19 17:28:36
7e5e7f72-9e8a-45c6-ba44-4a2479b0028c,7f2d61c4-c7c8-4e33-aed5-396f432e7fe3,6746fcd9-3095-4b62-aa03-12fecb4a285f,2026-06-19 15:30:27,2026-06-19 18:10:27
43c7cec2-918b-45fa-84f9-e2a4c7f3a87c,86507c7e-f855-4f43-9af2-9b231ef7a74c,bb309fa2-47fc-4d74-b2e2-6b6c986fbd34,2026-06-19 15:31:29,2026-06-19 16:17:29
b64838a4-a41c-46e8-a1fc-a8337c71ade8,da209146-2478-47b0-9ff5-cc5de3e93475,67465aa7-e829-469c-8151-d4d82a624b55,2026-06-19 15:31:44,2026-06-19 16:03:44
8ec38f17-4782-4aff-9bc8-c049fbad647b,0da6f459-53ae-4ad4-9204-ccfdcd090d51,a346bb1e-a7ff-4018-9c61-0eca86df0f61,2026-06-19 15:31:51,2026-06-19 17:31:51
183a57e9-cc5b-44c9-be9d-afc6de593a08,4654207e-9432-4e20-bb8b-5fadbc7a0a99,95999ef1-3dee-413a-91d9-58f1c8b7d3dc,2026-06-19 15:33:49,2026-06-19 16:20:49
b52b1a69-4b3b-4b3d-a6cb-9f603db4df90,272b72c1-bc18-4517-a675-4bf1fe2173b2,8592972f-fa8c-430f-b937-da5d53ec0f79,2026-06-19 15:33:58,2026-06-19 15:44:58
e27ce849-2cf2-42ce-9fe7-bf5615f6bcd6,b6ec5a36-556f-4555-b320-abedf3d4b389,a95af4fd-cedb-4891-82b8-7a98a84d797d,2026-06-19 15:34:06,2026-06-19 18:18:06
1825871c-a5f5-43b9-bb1c-bcd20ee0cd1b,dcec07e1-d91c-4326-8ddf-e14f607799ad,935e89a9-8b0c-4881-bacd-5eba3c421d14,2026-06-19 15:35:05,2026-06-19 17:25:05
025e18fd-2c74-4251-a00e-d58a5e0d7756,966acfc9-891f-44dc-9930-bdc58de043ef,c53a6b3a-df85-4ade-9c4e-78a656ae0d51,2026-06-19 15:35:48,2026-06-19 16:36:48
7be0b6fd-2f09-4228-a6cb-1e84c36c2c0c,c909bb40-cf11-4fe2-b9fe-9c6b9268522c,3b8c4752-b3a3-420b-9c74-36921cf61c76,2026-06-19 15:36:07,2026-06-19 15:52:07
e61aecc9-fb98-4999-b671-9889a25d43b8,6d9fc08e-27e6-4448-8d2d-f6bb1eb7b652,618b0ae7-0fff-48fb-9370-a843df38b9c6,2026-06-19 15:37:29,2026-06-19 17:53:29
cb1bcb00-75aa-4e72-96d5-7978a9048cfa,75e1a865-b5e8-4634-882b-74302eaef028,8e8dc62e-dec8-4a50-99cf-d96a02710343,2026-06-19 15:38:54,2026-06-19 18:26:54
295d8d54-11cb-45e0-9c88-2b92d754a3ad,4f9e3186-6f04-4ec2-8fba-edb9d28368d1,1fd32b5a-5090-4bc2-ab21-ed5b400a4c80,2026-06-19 15:39:41,2026-06-19 16:54:41
fa0546b0-d3fd-483c-a4e3-0336e3febc0a,7f2d61c4-c7c8-4e33-aed5-396f432e7fe3,91f76402-014a-41d8-baee-d588af33b23a,2026-06-19 15:40:22,2026-06-19 16:21:22
0610ac69-bc00-41a0-9bef-34800a0aad3f,1f1b2955-9f45-473b-80bd-285cd772a1e7,55829a23-649b-4c07-8fac-48687f0dbbf1,2026-06-19 15:41:13,2026-06-19 17:04:13
c01740d7-8692-4566-bbfc-a10415f60ad2,7f2d61c4-c7c8-4e33-aed5-396f432e7fe3,a9df166f-15a5-405e-8af7-472cba5d2aea,2026-06-19 15:41:42,2026-06-19 16:10:42
66fb78a7-91ea-4e7b-abce-a765efa7c9b4,0da6f459-53ae-4ad4-9204-ccfdcd090d51,f4069231-0d41-4175-853e-0ef898226d97,2026-06-19 15:41:59,2026-06-19 15:57:59
8bedb622-e240-440b-b839-f59e4554a2ee,880f57ae-5c8f-463b-b3ab-ca56cacfa5b9,25e54e8f-c21a-44aa-ba25-ba90dd594590,2026-06-19 15:42:26,2026-06-19 17:04:26
e26e5ed3-6ec5-40d3-afbc-4c7a06c479d3,1a86d359-7d4f-4994-9b68-184979d47743,b67bd8b7-c2ef-46f2-b752-0407b8ed5341,2026-06-19 15:43:37,2026-06-19 16:51:37
9b03e155-c1be-41b3-aac2-278155fd17e2,f0afb766-8b54-4ca9-8a0f-5cc0aca70f2b,e9c9dfc1-58fd-4435-9a97-497d3d3caa5f,2026-06-19 15:44:52,2026-06-19 16:31:52
3278b7c9-8a93-46b6-9e74-74eb754e7842,f0afb766-8b54-4ca9-8a0f-5cc0aca70f2b,39b3f684-9677-4ff0-bc81-276b045ab4aa,2026-06-19 15:45:10,2026-06-19 17:26:10
f60e0d28-f998-4f15-baf5-5d059debba08,dcec07e1-d91c-4326-8ddf-e14f607799ad,618b0ae7-0fff-48fb-9370-a843df38b9c6,2026-06-19 15:45:18,2026-06-19 16:52:18
b0efbba2-ba1e-40b4-b78f-fd7127490e6c,32b44bae-d372-44be-bd83-b47bed20882c,91f76402-014a-41d8-baee-d588af33b23a,2026-06-19 15:46:56,2026-06-19 18:23:56
10bfe9d4-6c22-4fca-b4f3-125bb46813cf,02dfbbd1-f6a5-430a-947f-167fbd7a3013,09cdf1f0-7630-488c-bfb3-caca63923097,2026-06-19 15:47:35,2026-06-19 17:47:35
4e5cb1e9-5bbd-4e66-91bf-bd636116346e,272b72c1-bc18-4517-a675-4bf1fe2173b2,061b5104-ae8b-4699-b5cf-5e040ea1b762,2026-06-19 15:47:44,2026-06-19 17:13:44
efe45ac8-34fb-4dfc-a6ef-390f2db65f8e,32163962-83aa-440b-9307-64e94a79834d,b77e12ac-c966-4c38-8d0c-b7afef27f6db,2026-06-19 15:48:08,2026-06-19 17:51:08
7828d3d9-2367-4895-8784-0a50ab2fac09,9d646fc9-6349-45ff-a2d6-70080fc6e5c5,9fd6178d-2e32-495f-b3aa-e2cb46aef3f6,2026-06-19 15:48:26,2026-06-19 16:23:26
46d11bf0-94ab-4f7f-9f3c-a33b445fd28e,f0afb766-8b54-4ca9-8a0f-5cc0aca70f2b,8e8dc62e-dec8-4a50-99cf-d96a02710343,2026-06-19 15:48:34,2026-06-19 16:56:34
a040f286-012e-4033-ac48-a713914a5ac8,1a86d359-7d4f-4994-9b68-184979d47743,8e8dc62e-dec8-4a50-99cf-d96a02710343,2026-06-19 15:48:46,2026-06-19 17:54:46
e047bd19-344e-44a8-9fba-7850ce7e7501,4f984a16-0517-4656-8012-1c3dd4fac485,22a990f3-a58e-4b79-a832-f797a1f2489f,2026-06-19 15:49:23,2026-06-19 16:21:23
af4f83b8-dd9b-4cd0-a169-162dbcba06c1,c909bb40-cf11-4fe2-b9fe-9c6b9268522c,6108e19c-0b10-42b2-bc4a-a75f74a31b89,2026-06-19 18:25:06,2026-06-19 20:41:06
0c8e90cd-51df-4088-bb77-55f770b3191e,00841a24-28b4-437a-9a33-6d9397e9551c,3a5a455c-b0b4-41c9-94fe-b4efcc045e68,2026-06-19 18:25:11,2026-06-19 21:04:11
897e9dc2-21e7-4451-ac24-222865178767,bfd8865a-79ee-4af4-b162-9ccead613c8f,a1b14426-054b-47a9-bd5c-a247a9851925,2026-06-19 18:26:06,2026-06-19 18:35:06
eaa0132a-c197-4d44-8ce4-1873c089adee,966acfc9-891f-44dc-9930-bdc58de043ef,1f2504b1-a8c2-487d-b463-eb1d7a077e48,2026-06-19 18:27:13,2026-06-19 18:59:13
c41e8181-d1f7-4944-8eb8-4474fef580f4,6d4851f7-bd0d-4314-b885-0030292f692f,55eda42c-ebef-41e1-a9a4-64e2a6eb6bc4,2026-06-19 18:27:50,2026-06-19 19:12:50
c00b23a7-56a7-49ea-9e3a-23695f1615bd,2c3b31b8-9ff5-448f-81ff-4a4ecc8c6464,8a52dde1-0eb7-4cdf-a260-8946b5996f11,2026-06-19 18:28:41,2026-06-19 18:40:41
4762adf0-a6b0-4594-ae2e-ba04d4b934c7,eb0a7a92-c2e3-4465-9826-ec7dd6fce8d3,a95af4fd-cedb-4891-82b8-7a98a84d797d,2026-06-19 18:29:01,2026-06-19 19:43:01
693924d1-382d-4873-b551-3c06a69bb893,0cb161b7-795b-440b-aa9a-5dcd5af0cd22,2ceca7b2-cf0d-4e98-81b8-104bab7143c9,2026-06-19 18:29:14,2026-06-19 21:08:14
d2b5c743-7a08-4c05-b82c-4636195fc586,ca3e6a0a-bfd6-4724-846d-839fc7ed47d2,a1b14426-054b-47a9-bd5c-a247a9851925,2026-06-19 18:29:28,2026-06-19 20:24:28
2f4cab62-0488-4472-8ac1-0f4dab6750b1,272b72c1-bc18-4517-a675-4bf1fe2173b2,9f7f4ca0-5afb-45d7-be70-b6d8d99b98ac,2026-06-19 18:30:25,2026-06-19 18:47:25
7866e513-b306-4d4d-93f6-0d20f44e649f,528459cc-0abd-43cc-8acf-078793c3a5ea,b9cebfec-6756-4c31-af63-82cd7e08ca88,2026-06-19 18:31:20,2026-06-19 19:50:20
d220e14f-6155-4df6-8f72-7fde81f387dc,274fcd43-1ee8-4dec-b4db-343d9298d14b,9f7f4ca0-5afb-45d7-be70-b6d8d99b98ac,2026-06-19 18:31:47,2026-06-19 20:06:47
e71e9b6d-c244-495d-926e-9e8a70a2ff54,5b0fd04c-6c87-47f5-810a-4a4bcaa0ad70,25e54e8f-c21a-44aa-ba25-ba90dd594590,2026-06-19 18:31:54,2026-06-19 18:51:54
14af4b03-d4dc-4b27-ae55-74a1c0136959,7f2d61c4-c7c8-4e33-aed5-396f432e7fe3,b67bd8b7-c2ef-46f2-b752-0407b8ed5341,2026-06-19 18:32:26,2026-06-19 21:09:26
46c6b9ef-cd68-4e1f-bb19-0fc7b94f9b10,bfd8865a-79ee-4af4-b162-9ccead613c8f,1876e0cb-1cae-42b9-9e47-a01e7d06bab2,2026-06-19 18:32:40,2026-06-19 20:15:40
604688e3-5472-4457-bb03-3a99ff1eb161,c0af0a4c-4954-46c1-8ccc-042f2232703d,b77e12ac-c966-4c38-8d0c-b7afef27f6db,2026-06-19 18:33:33,2026-06-19 21:31:33
61dbd27d-0246-41b8-bfd8-fe12d11dd686,4f984a16-0517-4656-8012-1c3dd4fac485,67465aa7-e829-469c-8151-d4d82a624b55,2026-06-19 18:34:06,2026-06-19 19:36:06
2d3ea364-546a-4fb0-bc11-bbb05333c89b,6d9fc08e-27e6-4448-8d2d-f6bb1eb7b652,f4069231-0d41-4175-853e-0ef898226d97,2026-06-19 18:34:37,2026-06-19 19:06:37
1db63cab-15bd-4121-b7c0-d98564cdb099,0361387f-caf3-40bf-99f8-4b59be44ff49,252c4b16-8466-4b90-8f96-8f90afd0291f,2026-06-19 18:34:51,2026-06-19 20:24:51
027b9d33-957f-4d79-a111-f09fdb2bfad3,da209146-2478-47b0-9ff5-cc5de3e93475,a35c2cf1-67e9-494e-bbb2-3606ec946d9e,2026-06-19 18:35:32,2026-06-19 21:31:32
8cb3486b-0cfa-43ed-8dab-c9956f693f7d,00841a24-28b4-437a-9a33-6d9397e9551c,25e54e8f-c21a-44aa-ba25-ba90dd594590,2026-06-19 18:35:39,2026-06-19 19:47:39
1ae00ae3-a39d-4dbc-b54a-1b34a48cd56c,57dde2fd-bfa4-482d-b673-5384bee5893a,061b5104-ae8b-4699-b5cf-5e040ea1b762,2026-06-19 18:36:00,2026-06-19 20:56:00
452ac28d-463a-4e1c-b250-2301549640f2,6d4851f7-bd0d-4314-b885-0030292f692f,6bd5d031-e68b-47c0-8300-c43f0c2f35f7,2026-06-19 18:36:27,2026-06-19 21:18:27
568d51d5-a7a5-48dc-a407-bfb62e9c01b1,75e1a865-b5e8-4634-882b-74302eaef028,9ab76931-aeeb-4afa-bd81-01968bc461c6,2026-06-19 18:37:14,2026-06-19 19:15:14
78c826f4-95eb-4e2f-8fb2-586cada71139,7f2d61c4-c7c8-4e33-aed5-396f432e7fe3,252c4b16-8466-4b90-8f96-8f90afd0291f,2026-06-19 18:37:28,2026-06-19 19:38:28
d562279c-6ebe-4983-b94f-5b20d8f5b3cb,96bd7691-62b1-4f1c-bae5-1abdd28e68f3,604cc5c8-b374-4801-ad23-e6a8e117d809,2026-06-19 18:38:21,2026-06-19 18:44:21
66436de6-051d-4e8c-b695-6ac03c7ee97f,a571c5ab-6a19-424f-9587-530803382197,0f42e55c-e2f1-4ef6-959b-0e39485b881f,2026-06-19 18:38:47,2026-06-19 19:00:47
93005d50-c94c-4de5-baac-68ac35fac415,5b0fd04c-6c87-47f5-810a-4a4bcaa0ad70,e9a7d752-9b25-4616-92b3-edb905512202,2026-06-19 18:38:54,2026-06-19 19:47:54
16285e70-11d0-440b-a89c-42d3cd040075,e539a87b-5e4b-46d1-91a6-38ac86ab57c1,95999ef1-3dee-413a-91d9-58f1c8b7d3dc,2026-06-19 18:39:07,2026-06-19 19:20:07
a1762189-ca31-41ed-bdcf-883bbe5c1344,95c46dc7-4754-4475-9ca5-273289bec43e,e9a7d752-9b25-4616-92b3-edb905512202,2026-06-19 18:39:26,2026-06-19 21:21:26
a2d618e0-1dde-4e55-9792-7eefb568d6e1,e539a87b-5e4b-46d1-91a6-38ac86ab57c1,6108e19c-0b10-42b2-bc4a-a75f74a31b89,2026-06-19 18:40:08,2026-06-19 21:21:08
d329cdaf-c6cb-4649-90d6-c9c8bf7c70fa,da209146-2478-47b0-9ff5-cc5de3e93475,bb309fa2-47fc-4d74-b2e2-6b6c986fbd34,2026-06-19 18:40:22,2026-06-19 20:54:22
e3f5d803-b8b7-426e-beaa-34d2087a29cd,bfd8865a-79ee-4af4-b162-9ccead613c8f,8592972f-fa8c-430f-b937-da5d53ec0f79,2026-06-19 18:40:37,2026-06-19 20:47:37
7ee3e62e-715d-481c-8fe6-0d2d765b7db9,145c9212-19b7-4089-a879-e3b1dfc73203,a1b14426-054b-47a9-bd5c-a247a9851925,2026-06-19 18:40:43,2026-06-19 20:25:43
4e3b8b24-04c0-4785-918f-2d1870da594e,daa64933-4bd2-4005-ab83-a329ba7e455b,935e89a9-8b0c-4881-bacd-5eba3c421d14,2026-06-19 18:41:10,2026-06-19 18:47:10
01efa634-fb5e-43ca-a702-2a9cf5b4c800,a571c5ab-6a19-424f-9587-530803382197,bac6d5f1-3c7d-4a24-b9f7-a361d17def20,2026-06-19 18:41:36,2026-06-19 20:23:36
c6bc0087-09b6-414b-9965-350927538170,e7ff9ab7-5794-4c63-8d8b-4d3300839857,bb309fa2-47fc-4d74-b2e2-6b6c986fbd34,2026-06-19 18:42:06,2026-06-19 21:19:06
26d6db6d-a3cc-4d41-a110-1e79c811f584,1f1b2955-9f45-473b-80bd-285cd772a1e7,09cdf1f0-7630-488c-bfb3-caca63923097,2026-06-19 18:43:44,2026-06-19 19:46:44
fe65324d-166c-4c23-b45b-ebf9f9769c9d,2c3b31b8-9ff5-448f-81ff-4a4ecc8c6464,38be73d8-5ac3-452f-9590-060525df25af,2026-06-19 18:44:26,2026-06-19 19:34:26
4d429212-9f62-44f4-9a93-dd88db5e3a11,9966c931-2be0-417c-87a4-136a9978f82d,061b5104-ae8b-4699-b5cf-5e040ea1b762,2026-06-19 18:44:55,2026-06-19 19:01:55
397711a5-b712-4963-939c-fe43123a41c6,c619073a-74bf-4c19-8080-feaf01ee2720,95999ef1-3dee-413a-91d9-58f1c8b7d3dc,2026-06-19 18:45:07,2026-06-19 20:31:07
0e4ed155-2ab3-41a0-a8fd-9abed9685a1d,272b72c1-bc18-4517-a675-4bf1fe2173b2,22a990f3-a58e-4b79-a832-f797a1f2489f,2026-06-19 18:45:52,2026-06-19 20:14:52
dbf4e99b-298a-4808-bd13-8e91de226fe7,b8638efe-ed1f-4a78-9f79-2deba7537ae9,061b5104-ae8b-4699-b5cf-5e040ea1b762,2026-06-19 18:46:50,2026-06-19 21:45:50
115cc911-7e40-409e-9f51-112050eb295f,2e5e813d-98d1-442d-8c95-fcd62d64223f,6746fcd9-3095-4b62-aa03-12fecb4a285f,2026-06-19 18:47:19,2026-06-19 19:45:19
4492dc09-ee6e-44e9-b2b4-3d34b0f0987f,a070d391-dfbc-4703-a89f-9bb5182ccd1c,891bc6b6-cdb7-4d63-b086-81a126bb775a,2026-06-19 18:48:48,2026-06-19 21:06:48
dfdb94b6-dff2-4df4-abdd-64b6f823e990,32163962-83aa-440b-9307-64e94a79834d,046b4c7f-6adc-4235-9e21-95ca0d5c3b3b,2026-06-19 18:49:02,2026-06-19 20:29:02
a7015328-eb28-4378-8130-6f28c6e1f168,9966c931-2be0-417c-87a4-136a9978f82d,a346bb1e-a7ff-4018-9c61-0eca86df0f61,2026-06-19 18:49:45,2026-06-19 19:46:45
d80f9f48-90ab-46a3-9264-bc69e838a263,7f2d61c4-c7c8-4e33-aed5-396f432e7fe3,12322423-8605-4a4d-a56e-320798952caf,2026-06-19 18:51:17,2026-06-19 19:37:17
61079e01-5cbd-4d91-ab80-6cade3fce2dc,966acfc9-891f-44dc-9930-bdc58de043ef,b67bd8b7-c2ef-46f2-b752-0407b8ed5341,2026-06-19 18:51:50,2026-06-19 20:47:50
6eb3db20-1b9b-4df1-8c2b-a8118e3052a4,f407efcf-b2e7-4815-a81a-54b59c7a1729,6746fcd9-3095-4b62-aa03-12fecb4a285f,2026-06-19 18:52:11,2026-06-19 19:33:11
1ebca941-530f-42f1-9b1d-df2a9bcb6241,66ba25ce-c8a6-4a82-95f5-d010b3ac2214,f4069231-0d41-4175-853e-0ef898226d97,2026-06-19 18:52:56,2026-06-19 19:23:56
563bb0ef-4ae3-4295-b000-5bfb5b5bf778,75e1a865-b5e8-4634-882b-74302eaef028,6108e19c-0b10-42b2-bc4a-a75f74a31b89,2026-06-19 18:53:12,2026-06-19 19:00:12
4fb79084-207d-4f0e-8cb5-a01a9749dc50,48e9b018-a171-489f-8c28-6ff97aa6fbf9,1fd32b5a-5090-4bc2-ab21-ed5b400a4c80,2026-06-19 18:54:00,2026-06-19 21:00:00
cd57b4aa-4eba-45cf-b584-c4bbd2fbb1a3,6d9fc08e-27e6-4448-8d2d-f6bb1eb7b652,16680d46-fc8a-4691-8b00-b09bc2004a19,2026-06-19 18:54:12,2026-06-19 19:50:12
51f2524f-36b0-4a39-b21f-baf3017da3b9,2e5e813d-98d1-442d-8c95-fcd62d64223f,6108e19c-0b10-42b2-bc4a-a75f74a31b89,2026-06-19 18:54:54,2026-06-19 20:34:54
7a0f2427-19c5-438e-852d-cadecdf15549,96bd7691-62b1-4f1c-bae5-1abdd28e68f3,9fd6178d-2e32-495f-b3aa-e2cb46aef3f6,2026-06-19 18:55:15,2026-06-19 20:53:15
ab7a8525-a0f5-4e35-9e7b-1f1ac209ff33,75560c48-2964-43d8-82ed-cec13ae00bfa,3b8c4752-b3a3-420b-9c74-36921cf61c76,2026-06-19 18:55:23,2026-06-19 21:47:23
15904a36-9948-42b5-895d-3a168db01cc5,274fcd43-1ee8-4dec-b4db-343d9298d14b,67465aa7-e829-469c-8151-d4d82a624b55,2026-06-19 18:55:29,2026-06-19 20:00:29
329f1661-55a2-40c3-ad6c-f0e94a439426,b8638efe-ed1f-4a78-9f79-2deba7537ae9,b9cebfec-6756-4c31-af63-82cd7e08ca88,2026-06-19 18:55:55,2026-06-19 19:37:55
d3498f80-88b4-4616-a7ea-f3cbad628069,2e5e813d-98d1-442d-8c95-fcd62d64223f,6bd5d031-e68b-47c0-8300-c43f0c2f35f7,2026-06-19 18:56:07,2026-06-19 21:06:07
205d8ce8-efc5-4d7c-895d-5d161c20228c,145c9212-19b7-4089-a879-e3b1dfc73203,e004d3d6-e3c4-48b9-998b-7b53a075e6c4,2026-06-19 18:56:13,2026-06-19 21:53:13
363e87e2-1613-462e-98c6-30ea0fc22076,b6730968-337a-4906-b245-c079b1f0aeb3,55829a23-649b-4c07-8fac-48687f0dbbf1,2026-06-19 18:58:24,2026-06-19 21:07:24
2e0dfd04-165e-4986-8191-ea47806f9b34,07291f11-a6d7-4f65-a726-28ef3d8eb544,c1323a63-30c3-41c2-a010-6259c8ad8714,2026-06-19 18:58:31,2026-06-19 19:26:31
bf858b98-8b6c-4aae-8aeb-5781e6694085,a571c5ab-6a19-424f-9587-530803382197,6746fcd9-3095-4b62-aa03-12fecb4a285f,2026-06-19 18:59:53,2026-06-19 21:03:53
fcce4d54-bb1d-4096-a34e-2c5d1ea5f801,97df34de-04a1-4c46-a335-37a2c247e50c,0f42e55c-e2f1-4ef6-959b-0e39485b881f,2026-06-19 19:00:02,2026-06-19 19:53:02
bca53779-d857-4f2c-bd20-4d9abe0dc422,9966c931-2be0-417c-87a4-136a9978f82d,8c1c7130-727a-4ee2-99f4-710a13ac717a,2026-06-19 19:00:23,2026-06-19 19:19:23
177d9c36-b3ec-43ad-8205-cc8319aad037,1bf2e1ee-b73a-4c12-9ca7-696357dbb849,a1b14426-054b-47a9-bd5c-a247a9851925,2026-06-19 19:01:17,2026-06-19 21:16:17
78f7e298-2352-4bad-9111-f5fc5fe7fef7,57dde2fd-bfa4-482d-b673-5384bee5893a,c1323a63-30c3-41c2-a010-6259c8ad8714,2026-06-19 19:01:31,2026-06-19 19:50:31
1e2e84e7-dde3-4fce-a6fd-ca654d84aaea,6d89ae25-ba57-4fa8-b733-cd3c7c1830dd,91f76402-014a-41d8-baee-d588af33b23a,2026-06-19 19:01:43,2026-06-19 19:19:43
45d981bd-875c-4dc9-b94a-e7e723cc08eb,ff5179d5-4ad8-438d-a35a-31a6842f18a8,3a5a455c-b0b4-41c9-94fe-b4efcc045e68,2026-06-19 19:02:30,2026-06-19 21:03:30
dc863f04-fad4-4735-8741-8fd39656e5fd,4f984a16-0517-4656-8012-1c3dd4fac485,604cc5c8-b374-4801-ad23-e6a8e117d809,2026-06-19 19:02:49,2026-06-19 19:19:49
41c76ba2-a009-4f75-bb35-b9228a79690b,d081e944-7898-4aa1-b530-5a19a1f0eb59,c1323a63-30c3-41c2-a010-6259c8ad8714,2026-06-19 19:03:44,2026-06-19 21:10:44
72813c75-1834-4bce-bbd8-384733ad6f96,6d89ae25-ba57-4fa8-b733-cd3c7c1830dd,0f42e55c-e2f1-4ef6-959b-0e39485b881f,2026-06-19 19:04:04,2026-06-19 19:57:04
5b115595-8ad3-46bf-ac8e-34633114dc1c,48e9b018-a171-489f-8c28-6ff97aa6fbf9,fe3011a0-c931-4512-aa21-3b4013c88951,2026-06-19 19:04:11,2026-06-19 21:50:11
59897043-09a2-414b-a521-2757d8971f8d,9d646fc9-6349-45ff-a2d6-70080fc6e5c5,67465aa7-e829-469c-8151-d4d82a624b55,2026-06-19 19:04:19,2026-06-19 20:05:19
ac6ecdc6-caa5-4c5c-8156-36005661dc01,b4fa1f3d-38c1-4690-a421-971d3eb286f6,c1323a63-30c3-41c2-a010-6259c8ad8714,2026-06-19 19:04:31,2026-06-19 19:12:31
051495b3-b60a-4d59-a7a7-9557fc50e11c,daa64933-4bd2-4005-ab83-a329ba7e455b,618b0ae7-0fff-48fb-9370-a843df38b9c6,2026-06-19 19:05:16,2026-06-19 20:32:16
b43d8d53-9ed8-4a89-a4b7-0da7016eb240,528459cc-0abd-43cc-8acf-078793c3a5ea,1f2504b1-a8c2-487d-b463-eb1d7a077e48,2026-06-19 19:05:28,2026-06-19 20:21:28
ba8a2790-6799-450f-bf47-a2a362219263,e93193f3-33a1-436b-8ada-2a924de91463,046b4c7f-6adc-4235-9e21-95ca0d5c3b3b,2026-06-19 19:06:25,2026-06-19 21:46:25
3e42b4c3-9800-4085-9b3c-732b5e75e1f2,d081e944-7898-4aa1-b530-5a19a1f0eb59,bb309fa2-47fc-4d74-b2e2-6b6c986fbd34,2026-06-19 19:06:51,2026-06-19 21:46:51
6bfe5833-7fd3-44d7-b553-1b83fa22fe99,66ba25ce-c8a6-4a82-95f5-d010b3ac2214,9ab76931-aeeb-4afa-bd81-01968bc461c6,2026-06-19 19:07:32,2026-06-19 20:17:32
0a35abbb-a997-45d1-8c5f-bf4db0e24002,5ecbf1aa-18fb-4e85-a0d9-927604be01e6,39b3f684-9677-4ff0-bc81-276b045ab4aa,2026-06-19 19:08:43,2026-06-19 20:11:43
3b424e7b-42de-4e28-88b2-1f5a4dde10d9,c5b356dd-4515-45d0-a29e-f799aba046cb,9b11cdc8-911e-4fe1-861b-87ff4d9c2093,2026-06-19 19:08:56,2026-06-19 21:21:56
6b430b37-cab3-48b9-9560-2381856beb73,0f8891a3-d5bb-411e-ace5-b2f86903e754,1f2504b1-a8c2-487d-b463-eb1d7a077e48,2026-06-19 19:09:02,2026-06-19 21:37:02
33987032-3fb3-47cc-8ad2-407038a52761,e3efa12d-5114-4655-a6c6-843b1adbf6b6,6bd5d031-e68b-47c0-8300-c43f0c2f35f7,2026-06-19 19:10:21,2026-06-19 22:06:21
c8000486-b884-463b-9b62-ccab7ad49af6,baa896bd-f95f-4ce7-ba0b-5bb62446ddd4,4fdb4c3e-d350-446e-b914-016b5168675d,2026-06-19 19:10:50,2026-06-19 20:04:50
8ec868a2-e23a-4bef-aa55-a5a81d104c70,bfd8865a-79ee-4af4-b162-9ccead613c8f,1efe8a03-0ff0-4d5c-aed3-1bdf1a07b889,2026-06-19 19:11:15,2026-06-19 22:01:15
9d6adc27-a3bc-4fd4-8726-cfea7336c6cb,8c3aa7ce-0248-41c7-86ec-e8b1e5475b91,39b3f684-9677-4ff0-bc81-276b045ab4aa,2026-06-19 19:11:44,2026-06-19 21:33:44
352b90f8-24f4-4d5e-9821-b02323124225,02dfbbd1-f6a5-430a-947f-167fbd7a3013,046b4c7f-6adc-4235-9e21-95ca0d5c3b3b,2026-06-19 19:11:51,2026-06-19 20:10:51
71395223-2e7a-4222-af97-43c0c8093266,18df1fd9-8e2b-4289-a446-0d4e7b286295,39b3f684-9677-4ff0-bc81-276b045ab4aa,2026-06-19 19:12:36,2026-06-19 20:25:36
639d5785-38f3-4a05-b551-176ef042512a,5e97f0bf-ff6c-4c81-b2c7-15c3e40911e8,373c3697-78cf-4304-af76-ea5a452dad05,2026-06-19 19:13:02,2026-06-19 21:50:02
f82f6ccf-06e9-424d-af36-ba5abf920a20,73a47ddd-ab99-4766-af1f-3238d3c4a8f4,12322423-8605-4a4d-a56e-320798952caf,2026-06-19 19:15:29,2026-06-19 20:21:29
baebd7b8-e594-426c-a3af-7092869b39a4,95c46dc7-4754-4475-9ca5-273289bec43e,061b5104-ae8b-4699-b5cf-5e040ea1b762,2026-06-19 19:16:38,2026-06-19 20:44:38
cacafd54-4471-4ca9-b8ef-09c42cba21db,e93193f3-33a1-436b-8ada-2a924de91463,a35c2cf1-67e9-494e-bbb2-3606ec946d9e,2026-06-19 19:17:10,2026-06-19 22:01:10
7e19fe61-ac88-4108-965e-48c35a56d1c0,f24e62d9-1363-4795-a535-0999f13c1819,2ceca7b2-cf0d-4e98-81b8-104bab7143c9,2026-06-19 19:17:16,2026-06-19 20:26:16
69f0e765-e0f3-460e-aaad-dc7213e2ca87,ca02887b-a6de-488a-9623-42aad88d6dad,1c92f5ed-55b7-4c90-8efa-2741a382d3e3,2026-06-19 19:18:02,2026-06-19 19:32:02
8bd4d5ef-5afb-450b-8e2e-5092cd95b46c,6bc185b6-1266-41f7-a6a1-7215df59ebf8,8e8dc62e-dec8-4a50-99cf-d96a02710343,2026-06-19 19:18:10,2026-06-19 19:36:10
6ae3b309-c267-4ef0-8c06-bb613a4f988d,9966c931-2be0-417c-87a4-136a9978f82d,935e89a9-8b0c-4881-bacd-5eba3c421d14,2026-06-19 19:18:51,2026-06-19 20:29:51
8218d12a-ee7b-491d-ab2a-c365591d3d64,bad9a96e-40d5-4fbb-8a84-64d56c4f4492,22a990f3-a58e-4b79-a832-f797a1f2489f,2026-06-19 19:18:58,2026-06-19 20:51:58
08deb6fa-e169-4cc8-9732-5db07bcd1d78,c909bb40-cf11-4fe2-b9fe-9c6b9268522c,39b3f684-9677-4ff0-bc81-276b045ab4aa,2026-06-19 19:19:44,2026-06-19 20:54:44
9204c0a5-0d91-484b-ad4c-716b39295717,147b55c2-8533-459a-a8d9-fc8fdcc97336,e9a7d752-9b25-4616-92b3-edb905512202,2026-06-19 19:19:51,2026-06-19 20:58:51
9d05732d-dd3f-41af-a1d5-a466e6bf89f3,18df1fd9-8e2b-4289-a446-0d4e7b286295,55829a23-649b-4c07-8fac-48687f0dbbf1,2026-06-19 19:20:18,2026-06-19 19:58:18
65671a59-38f2-473f-a56a-4126242557ac,5ecbf1aa-18fb-4e85-a0d9-927604be01e6,9ab76931-aeeb-4afa-bd81-01968bc461c6,2026-06-19 19:20:46,2026-06-19 22:00:46
45b9f3e6-38be-4c30-94f6-0b0a0f6332cf,5573264e-73e4-46f1-8c54-3b31e8b2a499,8c1c7130-727a-4ee2-99f4-710a13ac717a,2026-06-19 19:20:52,2026-06-19 20:22:52
d56cc421-dbaf-49a1-b95f-3928ca74a2d3,6d45342f-6b54-42b3-916c-7ad9cb297bb3,bac6d5f1-3c7d-4a24-b9f7-a361d17def20,2026-06-19 19:21:48,2026-06-19 19:33:48
8bec6fe2-6cb0-4a8e-8af7-4f1c524175fd,6d4851f7-bd0d-4314-b885-0030292f692f,55eda42c-ebef-41e1-a9a4-64e2a6eb6bc4,2026-06-19 19:22:21,2026-06-19 22:17:21
4a9edc8c-df03-44c5-854e-b013e73e33ad,0cb161b7-795b-440b-aa9a-5dcd5af0cd22,8c1c7130-727a-4ee2-99f4-710a13ac717a,2026-06-19 19:22:34,2026-06-19 21:08:34
b0922bf8-fc19-43fd-bcf4-cc09406bef6d,fa2093ca-7c54-418a-9010-f75a3f51ddf7,a1b14426-054b-47a9-bd5c-a247a9851925,2026-06-19 19:22:41,2026-06-19 20:07:41
671e7e24-1405-4b5b-b7e6-538f451f527c,c619073a-74bf-4c19-8080-feaf01ee2720,09cdf1f0-7630-488c-bfb3-caca63923097,2026-06-19 19:24:02,2026-06-19 20:09:02
556d3afc-57fe-4440-9aaa-a95f2d85fa2a,f6bd9eb5-f1d8-4dfb-bd90-755774295cbe,8592972f-fa8c-430f-b937-da5d53ec0f79,2026-06-19 19:24:47,2026-06-19 20:53:47
ecbafd14-9a46-4c71-ab2d-b0a370d04379,7f2d61c4-c7c8-4e33-aed5-396f432e7fe3,891bc6b6-cdb7-4d63-b086-81a126bb775a,2026-06-19 19:25:07,2026-06-19 21:39:07
1be1b6d0-d56d-47fb-9337-570ddba5a0d7,75e1a865-b5e8-4634-882b-74302eaef028,9b11cdc8-911e-4fe1-861b-87ff4d9c2093,2026-06-19 19:25:52,2026-06-19 19:53:52
5e263e2c-d387-438e-b010-b781cded6498,532ad3b6-0d86-426b-a121-7113c78c1d7a,4fdb4c3e-d350-446e-b914-016b5168675d,2026-06-19 19:26:05,2026-06-19 20:51:05
ef7ec884-3049-43b0-a7f9-e2f84a202912,272b72c1-bc18-4517-a675-4bf1fe2173b2,6746fcd9-3095-4b62-aa03-12fecb4a285f,2026-06-19 19:27:22,2026-06-19 20:51:22
7d17b852-7704-466e-838d-eecda9bc8748,ebfa6844-21b8-4cb9-9c8a-ed55d033606b,1f2504b1-a8c2-487d-b463-eb1d7a077e48,2026-06-19 19:27:49,2026-06-19 21:10:49
70a7b32d-c62b-4076-9161-7d660b5ac33f,5f241455-7d39-4e7f-b0a1-e0d1b8378bc7,8592972f-fa8c-430f-b937-da5d53ec0f79,2026-06-19 19:28:03,2026-06-19 21:41:03
1fb18a53-2bec-4ee7-8f73-91899d0e0545,b8638efe-ed1f-4a78-9f79-2deba7537ae9,22a990f3-a58e-4b79-a832-f797a1f2489f,2026-06-19 19:28:30,2026-06-19 22:21:30
34d28f27-9f95-4ab6-9f37-56122aabe719,6bc185b6-1266-41f7-a6a1-7215df59ebf8,604cc5c8-b374-4801-ad23-e6a8e117d809,2026-06-19 19:28:42,2026-06-19 22:15:42
bc79d730-1258-4a21-9de9-d38e7d40aa96,654a81a9-2b25-49dd-812e-0ab9988c79ee,046b4c7f-6adc-4235-9e21-95ca0d5c3b3b,2026-06-19 19:28:49,2026-06-19 21:34:49
eabfa177-dc54-4543-bf7c-67a436ab554e,11b1efda-aaf6-403b-a846-7759c43c382b,c7aaa5f5-beb5-4c7d-b2de-2b8217c691ce,2026-06-19 19:29:10,2026-06-19 20:31:10
f273ee72-24fc-414f-81f4-369387890343,daa64933-4bd2-4005-ab83-a329ba7e455b,9f7f4ca0-5afb-45d7-be70-b6d8d99b98ac,2026-06-19 19:29:23,2026-06-19 19:57:23
c4982086-809a-46b0-af8d-436c6a80d68d,8d5595e7-d3a8-4b7d-bc71-25bd0287afc0,25e54e8f-c21a-44aa-ba25-ba90dd594590,2026-06-19 19:29:43,2026-06-19 20:02:43
01ee293f-89cb-4264-b016-90abfdfa5705,f24e62d9-1363-4795-a535-0999f13c1819,a1b14426-054b-47a9-bd5c-a247a9851925,2026-06-19 19:29:51,2026-06-19 21:10:51
0b7d6774-f24d-41cc-a595-0439610bc511,b6ec5a36-556f-4555-b320-abedf3d4b389,1efe8a03-0ff0-4d5c-aed3-1bdf1a07b889,2026-06-19 19:30:15,2026-06-19 20:33:15
d248b96a-7f2b-4036-a7fb-ef17649a9589,f90efe5e-5ad1-40c0-bdaf-58859f7f47c6,373c3697-78cf-4304-af76-ea5a452dad05,2026-06-19 19:30:29,2026-06-19 21:38:29
fda15a13-96c7-4b57-8877-16b0d36f024f,024be1b5-b921-4096-9eed-7a9d925161c1,604cc5c8-b374-4801-ad23-e6a8e117d809,2026-06-19 19:30:57,2026-06-19 20:47:57
24e24490-a25a-4a87-94b6-0aa7a622aad7,2c3b31b8-9ff5-448f-81ff-4a4ecc8c6464,c7aaa5f5-beb5-4c7d-b2de-2b8217c691ce,2026-06-19 19:31:17,2026-06-19 21:29:17
e371485a-edd5-4766-a91d-d802748f076f,12889038-9d71-4a7e-b363-8b2836e09580,935e89a9-8b0c-4881-bacd-5eba3c421d14,2026-06-19 19:31:23,2026-06-19 20:21:23
1e35be96-e608-4050-bdef-8123e2a6da72,eeb998f6-ee90-4853-92dc-522dca026a4b,b67bd8b7-c2ef-46f2-b752-0407b8ed5341,2026-06-19 19:31:32,2026-06-19 20:05:32
5c8de52a-34bb-4f48-845c-f66aebfae8f1,73a47ddd-ab99-4766-af1f-3238d3c4a8f4,935e89a9-8b0c-4881-bacd-5eba3c421d14,2026-06-19 19:31:44,2026-06-19 20:56:44
15da71e2-5b7e-4e92-bf51-cec093dc6d6a,4654207e-9432-4e20-bb8b-5fadbc7a0a99,3b8c4752-b3a3-420b-9c74-36921cf61c76,2026-06-19 19:31:50,2026-06-19 21:47:50
6af8b56c-c2fc-44a6-b8f7-06f1245c946a,61d4e319-aa09-4494-9fd9-c43c49262a50,e004d3d6-e3c4-48b9-998b-7b53a075e6c4,2026-06-19 19:32:39,2026-06-19 21:38:39
c38b50a0-cc38-4eb7-8b00-f2bdd997cce9,e6cd5176-069d-458f-8843-d49c92095e5a,8592972f-fa8c-430f-b937-da5d53ec0f79,2026-06-19 19:32:47,2026-06-19 21:33:47
5251178a-6582-493b-8c7b-dbb220f3a34f,17cad539-2694-4b6f-8ecb-3260e3f67b2e,9ab76931-aeeb-4afa-bd81-01968bc461c6,2026-06-19 19:33:01,2026-06-19 22:00:01
e7999166-086a-45d2-a74f-de647aaec57a,57dde2fd-bfa4-482d-b673-5384bee5893a,1efe8a03-0ff0-4d5c-aed3-1bdf1a07b889,2026-06-19 19:33:26,2026-06-19 20:29:26
9a7dcfad-5913-4ce3-9809-6ca016fd6fb5,daa64933-4bd2-4005-ab83-a329ba7e455b,c7aaa5f5-beb5-4c7d-b2de-2b8217c691ce,2026-06-19 19:33:52,2026-06-19 20:59:52
5f5887c8-b1ff-44a8-b728-11f51a4a012d,ff5179d5-4ad8-438d-a35a-31a6842f18a8,09cdf1f0-7630-488c-bfb3-caca63923097,2026-06-19 19:33:59,2026-06-19 21:59:59
f47b8682-0406-4db0-ad19-d93dc01db552,6d89ae25-ba57-4fa8-b733-cd3c7c1830dd,6bd5d031-e68b-47c0-8300-c43f0c2f35f7,2026-06-19 19:34:05,2026-06-19 22:05:05
e5468c57-bd0f-4012-ac60-2fe020c38354,5e2ddf6e-9114-4975-adb2-125c733e5f79,9b11cdc8-911e-4fe1-861b-87ff4d9c2093,2026-06-19 19:34:24,2026-06-19 20:45:24
e4fbc5f5-d507-43e2-b06e-e97fc4c5168d,6ed5b7b3-12cd-4fa8-9c1a-ba85261c6559,891bc6b6-cdb7-4d63-b086-81a126bb775a,2026-06-19 19:34:43,2026-06-19 20:01:43
1601d61d-183a-46f3-a893-93574082e1e3,0da6f459-53ae-4ad4-9204-ccfdcd090d51,39b3f684-9677-4ff0-bc81-276b045ab4aa,2026-06-19 19:34:51,2026-06-19 22:33:51
d1f11460-50b8-4fa2-aea9-9c116864c261,eddf91fc-81f3-4dfe-b946-330f48c35d58,1c92f5ed-55b7-4c90-8efa-2741a382d3e3,2026-06-19 19:35:07,2026-06-19 21:20:07
d6ce4f09-ad0f-419a-b8cf-c6caf2cfb1eb,c5257dfe-80a7-4744-a198-e813f45754cc,604cc5c8-b374-4801-ad23-e6a8e117d809,2026-06-19 19:36:36,2026-06-19 21:19:36
96fd1b3d-f4e5-437a-bae2-c7711f1e9f09,2e5e813d-98d1-442d-8c95-fcd62d64223f,1c92f5ed-55b7-4c90-8efa-2741a382d3e3,2026-06-19 19:36:43,2026-06-19 20:26:43
e94e2443-12e4-42dd-aee5-3771ee3f802e,e93193f3-33a1-436b-8ada-2a924de91463,95999ef1-3dee-413a-91d9-58f1c8b7d3dc,2026-06-19 19:37:02,2026-06-19 20:46:02
629f4d3a-d4c1-4a0a-b6ad-12f925f86620,5ecbf1aa-18fb-4e85-a0d9-927604be01e6,1f2504b1-a8c2-487d-b463-eb1d7a077e48,2026-06-19 19:37:23,2026-06-19 22:04:23
e76e635c-91de-4998-befa-282a8e3ee2ce,fc7871bd-58e5-4ad7-8c72-32d7a3197a18,a9df166f-15a5-405e-8af7-472cba5d2aea,2026-06-19 19:37:29,2026-06-19 22:05:29
2f2b288c-322b-44ef-a106-0c6e9b7dd8e9,56b35628-347a-46e1-ae18-9ff205259473,9ab76931-aeeb-4afa-bd81-01968bc461c6,2026-06-19 19:38:09,2026-06-19 21:27:09
06f3d840-4d53-44bf-ab4c-29c1b3dfb019,a571c5ab-6a19-424f-9587-530803382197,4fdb4c3e-d350-446e-b914-016b5168675d,2026-06-19 19:38:36,2026-06-19 20:27:36
fbd9fa8b-a4a2-4175-bc2c-b59445418a6e,73a47ddd-ab99-4766-af1f-3238d3c4a8f4,25e54e8f-c21a-44aa-ba25-ba90dd594590,2026-06-19 19:39:17,2026-06-19 21:02:17
44f266df-9618-4f6e-b813-060bfc8eba78,e5120771-daaf-483b-baaa-e14d48d854dc,6bd5d031-e68b-47c0-8300-c43f0c2f35f7,2026-06-19 19:39:36,2026-06-19 21:26:36
f948281c-4cad-4ea8-8547-017a1f6652ea,532ad3b6-0d86-426b-a121-7113c78c1d7a,1f2504b1-a8c2-487d-b463-eb1d7a077e48,2026-06-19 19:39:56,2026-06-19 21:40:56
cd4a772d-186c-49f7-9ea6-a9d0c5545298,6bc185b6-1266-41f7-a6a1-7215df59ebf8,b9cebfec-6756-4c31-af63-82cd7e08ca88,2026-06-19 19:41:05,2026-06-19 21:07:05
01ea0f4c-0ed7-4985-a84a-a59f5300349d,84bf7f89-e076-4709-9333-d10d460d67f1,c53a6b3a-df85-4ade-9c4e-78a656ae0d51,2026-06-19 19:41:18,2026-06-19 20:33:18
31fceb8f-a36a-45a7-b6a2-ba3d58b2fcb8,da209146-2478-47b0-9ff5-cc5de3e93475,1c92f5ed-55b7-4c90-8efa-2741a382d3e3,2026-06-19 19:41:24,2026-06-19 21:13:24
fc918a22-23ca-4a74-9085-544ef5846d5c,eeb998f6-ee90-4853-92dc-522dca026a4b,91f76402-014a-41d8-baee-d588af33b23a,2026-06-19 19:41:37,2026-06-19 22:04:37
edd50b3e-8cfd-4004-8752-4d0e514e55d0,654a81a9-2b25-49dd-812e-0ab9988c79ee,8592972f-fa8c-430f-b937-da5d53ec0f79,2026-06-19 19:41:44,2026-06-19 21:29:44
4febd47f-fdab-4635-bde3-b283fb2afcf0,5ecbf1aa-18fb-4e85-a0d9-927604be01e6,0f42e55c-e2f1-4ef6-959b-0e39485b881f,2026-06-19 19:41:57,2026-06-19 20:14:57
676f830e-83dc-4fc5-b7c9-3780859d0f82,7f2d61c4-c7c8-4e33-aed5-396f432e7fe3,0f42e55c-e2f1-4ef6-959b-0e39485b881f,2026-06-19 19:42:11,2026-06-19 21:20:11
95aee02e-7452-4cf1-8631-cfc635f53471,0f8891a3-d5bb-411e-ace5-b2f86903e754,0f42e55c-e2f1-4ef6-959b-0e39485b881f,2026-06-19 19:43:28,2026-06-19 21:53:28
c4b1cea8-1f18-40a1-8bba-6d4dd6e28b70,daa64933-4bd2-4005-ab83-a329ba7e455b,061b5104-ae8b-4699-b5cf-5e040ea1b762,2026-06-19 19:43:56,2026-06-19 20:52:56
cf3856e2-ed56-4ac2-a175-090f98c97e22,c0af0a4c-4954-46c1-8ccc-042f2232703d,0f42e55c-e2f1-4ef6-959b-0e39485b881f,2026-06-19 19:44:38,2026-06-19 22:25:38
950bcf80-7349-4998-a7e8-877ef62fd959,baa896bd-f95f-4ce7-ba0b-5bb62446ddd4,95999ef1-3dee-413a-91d9-58f1c8b7d3dc,2026-06-19 19:45:01,2026-06-19 21:14:01
c73cc8f8-9741-4d58-9816-4d0952839ec7,09990510-5986-4282-a764-822e2b1b4ef6,6bd5d031-e68b-47c0-8300-c43f0c2f35f7,2026-06-19 19:45:48,2026-06-19 21:58:48
d2f8b8ca-95dd-48ae-b58b-c24177a53f8d,fc7871bd-58e5-4ad7-8c72-32d7a3197a18,c53a6b3a-df85-4ade-9c4e-78a656ae0d51,2026-06-19 19:45:54,2026-06-19 21:24:54
5ad7a71e-5e41-46ce-a93b-2dbe0de27565,09990510-5986-4282-a764-822e2b1b4ef6,fe3011a0-c931-4512-aa21-3b4013c88951,2026-06-19 19:47:12,2026-06-19 21:43:12
8f142181-5a8c-4338-b42b-c761e3e7d34f,a5ec9aa8-090d-4ad0-8673-ab581871dabc,2ceca7b2-cf0d-4e98-81b8-104bab7143c9,2026-06-19 19:47:18,2026-06-19 21:17:18
92e3bfe2-8e8f-4cf4-b708-6685a7ae6cbf,bad9a96e-40d5-4fbb-8a84-64d56c4f4492,3b8c4752-b3a3-420b-9c74-36921cf61c76,2026-06-19 19:47:25,2026-06-19 20:00:25
a877f2eb-ce3c-46c3-acd8-d432f404957f,f88ae496-171d-40db-a1d7-7979471c422a,7a9d5fb0-a416-4f2e-af89-c7b367d8ff11,2026-06-19 19:47:44,2026-06-19 21:12:44
4f1a7bc0-56c8-4960-b73b-a850a5733588,e6984341-cf5d-4a0c-8a01-564f2a594349,3b8c4752-b3a3-420b-9c74-36921cf61c76,2026-06-19 19:47:59,2026-06-19 20:17:59
1ff12082-6092-40bc-a513-6534228acd28,d07cad75-85cd-44bb-b634-148507a99005,a9df166f-15a5-405e-8af7-472cba5d2aea,2026-06-19 19:48:40,2026-06-19 19:55:40
63c8243a-712a-46b9-aa35-9dcdfd370e06,1e3a0c6f-b8bc-4510-9792-c8f5ff0da6ac,9ab76931-aeeb-4afa-bd81-01968bc461c6,2026-06-19 19:49:16,2026-06-19 20:47:16
61f6b4c4-9b18-4ace-9fc9-2ea81662ba82,a571c5ab-6a19-424f-9587-530803382197,c1323a63-30c3-41c2-a010-6259c8ad8714,2026-06-19 19:49:37,2026-06-19 20:29:37
92b1e796-9c28-4d37-af50-f012c8118654,676b406d-ed29-4a34-b9c2-13785d4b9823,e9a7d752-9b25-4616-92b3-edb905512202,2026-06-19 19:51:16,2026-06-19 19:57:16
19d4abc7-885a-4815-b27d-ea2653ef8ef0,5f241455-7d39-4e7f-b0a1-e0d1b8378bc7,1f2504b1-a8c2-487d-b463-eb1d7a077e48,2026-06-19 19:51:43,2026-06-19 20:42:43
edd594fe-c2ab-4339-bd93-6ca5247ddc65,6059dd3a-d454-4787-9116-a0939ba3bbe8,c1323a63-30c3-41c2-a010-6259c8ad8714,2026-06-19 19:54:24,2026-06-19 20:43:24
f702bcef-0eb4-436e-8517-d9d73c0bfd42,018b542c-b0bb-41a2-bf5b-9e0c8809aa0d,4fdb4c3e-d350-446e-b914-016b5168675d,2026-06-19 19:54:37,2026-06-19 21:43:37
70a218d4-fbad-4efe-8e4d-b9d441e81d8c,7fb82130-e933-4794-abd1-7a5b7a4ab2d3,06976bce-6513-48e4-9af3-08e5c05693cd,2026-06-19 19:57:59,2026-06-19 21:51:59
cfd2ff95-e477-4958-8ab8-fe8a778162f6,f24e62d9-1363-4795-a535-0999f13c1819,046b4c7f-6adc-4235-9e21-95ca0d5c3b3b,2026-06-19 19:58:19,2026-06-19 21:44:19
264103b3-ab07-4157-ba45-673dd911bfb7,b82ba349-e980-4fe1-a9d0-6dffed85f8e3,6bd5d031-e68b-47c0-8300-c43f0c2f35f7,2026-06-19 19:59:29,2026-06-19 22:24:29
6653d614-2b7b-4ada-8a5d-af1b40babcfb,0da6f459-53ae-4ad4-9204-ccfdcd090d51,a1b14426-054b-47a9-bd5c-a247a9851925,2026-06-19 20:00:02,2026-06-19 21:59:02
bc7cbd69-a559-4d1e-9ae7-fe32cde0ec48,86507c7e-f855-4f43-9af2-9b231ef7a74c,55eda42c-ebef-41e1-a9a4-64e2a6eb6bc4,2026-06-19 20:00:16,2026-06-19 20:15:16
3c3931a1-8622-456e-8cd4-5284e6a3708d,339564df-b6f5-4b2b-b04e-b29fbdef8d25,cfb82812-3cd3-47ac-aba4-f0ec54e7a3a0,2026-06-19 20:01:14,2026-06-19 20:56:14
72089a1a-c681-4e0a-9cae-bd5aa54eb338,f90efe5e-5ad1-40c0-bdaf-58859f7f47c6,6746fcd9-3095-4b62-aa03-12fecb4a285f,2026-06-19 20:02:35,2026-06-19 21:47:35
130e6f22-6910-4735-b313-8bc5b3bbae49,e63e60a4-fb5a-42c1-a0f6-28bca7c1226b,9b11cdc8-911e-4fe1-861b-87ff4d9c2093,2026-06-19 20:02:42,2026-06-19 20:40:42
2bbfe737-b833-44fe-9ad5-6d7cae4ee49a,4f984a16-0517-4656-8012-1c3dd4fac485,38be73d8-5ac3-452f-9590-060525df25af,2026-06-19 20:02:49,2026-06-19 21:42:49
3aaf3cd2-abb8-49c3-9407-f4539a8dc9ec,74224693-9903-4cf4-8b59-70cdba9f2687,891bc6b6-cdb7-4d63-b086-81a126bb775a,2026-06-19 20:03:10,2026-06-19 21:33:10
b04aa229-3239-47eb-b8fc-4b457aa9723a,55677431-bb77-4e28-9a6a-9de7fb41723e,8592972f-fa8c-430f-b937-da5d53ec0f79,2026-06-19 20:03:23,2026-06-19 21:46:23
db3d90fc-51e8-4348-af01-c06fbea74644,10dd6883-4135-4fdf-ad50-54a94136b871,891bc6b6-cdb7-4d63-b086-81a126bb775a,2026-06-19 20:03:36,2026-06-19 21:24:36
a90ba079-c3e0-4a9a-bd11-459a018918b7,75560c48-2964-43d8-82ed-cec13ae00bfa,a9df166f-15a5-405e-8af7-472cba5d2aea,2026-06-19 20:03:43,2026-06-19 20:44:43
1c37fd4c-15d6-4de6-8680-d6b7f81c3896,0dce318e-ad43-4b4e-9fac-bda6a3fe3252,604cc5c8-b374-4801-ad23-e6a8e117d809,2026-06-19 20:03:51,2026-06-19 22:53:51
6e83632e-d327-4938-a6bb-1423d4c4e002,0f8891a3-d5bb-411e-ace5-b2f86903e754,935e89a9-8b0c-4881-bacd-5eba3c421d14,2026-06-19 20:04:06,2026-06-19 22:01:06
7e5766ae-cd75-4deb-9a09-e0483cd44d37,eeb998f6-ee90-4853-92dc-522dca026a4b,55829a23-649b-4c07-8fac-48687f0dbbf1,2026-06-19 20:05:00,2026-06-19 21:05:00
8c77e442-67c7-4632-8096-17004ed1c36f,f1b97322-20b1-4a6a-b3e1-6c3f00305121,cfb82812-3cd3-47ac-aba4-f0ec54e7a3a0,2026-06-19 20:05:14,2026-06-19 22:40:14
88c967a0-ed68-4709-a1df-2d7175b417f6,97df34de-04a1-4c46-a335-37a2c247e50c,09cdf1f0-7630-488c-bfb3-caca63923097,2026-06-19 20:05:28,2026-06-19 21:06:28
c60c09ff-30ac-4ffd-ab6a-5c4275e2f0b0,4532c6a7-60a9-423d-accc-ece27610b8ac,604cc5c8-b374-4801-ad23-e6a8e117d809,2026-06-19 20:05:48,2026-06-19 20:16:48
a9a1a948-c4dc-4a35-a795-92c36a61dc61,6bc185b6-1266-41f7-a6a1-7215df59ebf8,c7aaa5f5-beb5-4c7d-b2de-2b8217c691ce,2026-06-19 20:06:01,2026-06-19 23:00:01
d6f5382e-5cfb-4a8f-ab32-fe3008d26943,c619073a-74bf-4c19-8080-feaf01ee2720,bac6d5f1-3c7d-4a24-b9f7-a361d17def20,2026-06-19 20:06:09,2026-06-19 22:57:09
6edace4f-5c48-4ae8-a416-332e7d3f6a34,1fd534fe-ce16-4c1f-ba44-765f74a38c15,8c1c7130-727a-4ee2-99f4-710a13ac717a,2026-06-19 20:06:17,2026-06-19 22:13:17
8c9326bd-c0ad-4977-b000-b3b5663b4445,5ecbf1aa-18fb-4e85-a0d9-927604be01e6,55829a23-649b-4c07-8fac-48687f0dbbf1,2026-06-19 20:06:24,2026-06-19 20:36:24
0e772113-aaad-4000-8767-bf70a56ce72d,c619073a-74bf-4c19-8080-feaf01ee2720,c53a6b3a-df85-4ade-9c4e-78a656ae0d51,2026-06-19 20:06:30,2026-06-19 21:20:30
8e93786c-0587-48b1-8cb8-378172b33a42,f88ae496-171d-40db-a1d7-7979471c422a,373c3697-78cf-4304-af76-ea5a452dad05,2026-06-19 20:06:46,2026-06-19 20:47:46
b77c59e5-b819-4e63-90a9-70b613fe533f,0cf26103-bb69-46f4-8d2a-89a9a1df54b6,09cdf1f0-7630-488c-bfb3-caca63923097,2026-06-19 20:06:52,2026-06-19 20:11:52
ecb6cbfb-4ef8-4724-8707-7133810b1f91,1324f664-9b96-4661-ade3-353cac180d4b,8c1c7130-727a-4ee2-99f4-710a13ac717a,2026-06-19 20:08:04,2026-06-19 20:25:04
a49764be-b072-454d-966b-1009bfd95312,8d5595e7-d3a8-4b7d-bc71-25bd0287afc0,0f42e55c-e2f1-4ef6-959b-0e39485b881f,2026-06-19 20:08:22,2026-06-19 21:23:22
cf151cef-f6e9-4654-be23-69d9897bc383,32b44bae-d372-44be-bd83-b47bed20882c,252c4b16-8466-4b90-8f96-8f90afd0291f,2026-06-19 20:08:48,2026-06-19 20:46:48
44edb27d-ae52-4bd6-8efb-6641644729ab,9e74ed11-3e2c-4196-98d7-aa3127a1305f,e67b1cb0-36e4-4cbd-bba3-f686f9923872,2026-06-19 22:33:03,2026-06-19 22:55:03
3d876fa8-b337-4691-a106-3ec47d0eee9a,e9e66309-9915-4e7a-aa1f-08508afbf22a,1f2504b1-a8c2-487d-b463-eb1d7a077e48,2026-06-19 22:35:15,2026-06-20 00:12:15
