id,show_id,user_id,joined_at,left_at
8f02132a-e39a-4de0-bcac-ce6b8c502a2f,a8bbd773-e447-465d-8941-f810de3c48e0,c53a6b3a-df85-4ade-9c4e-78a656ae0d51,2026-06-19 14:53:48,2026-06-19 16:57:48
641104c4-780f-4fb4-ac03-91f9da4461ad,b5cf03bb-e20c-4efa-b2af-070e8283c790,16680d46-fc8a-4691-8b00-b09bc2004a19,2026-06-19 14:55:34,2026-06-19 15:53:34
248227a7-b3df-4fcf-8d66-4aa912123e66,b5cf03bb-e20c-4efa-b2af-070e8283c790,25e54e8f-c21a-44aa-ba25-ba90dd594590,2026-06-19 14:56:15,2026-06-19 16:06:15
6dfa3ba8-d579-4d90-b120-7968b17ad1cf,a054cc4c-a524-4bb6-a66f-244370a162c4,f4069231-0d41-4175-853e-0ef898226d97,2026-06-19 14:56:58,2026-06-19 15:44:58
dae53715-eeb3-4586-8ab2-baca28a56dd1,b5cf03bb-e20c-4efa-b2af-070e8283c790,f4069231-0d41-4175-853e-0ef898226d97,2026-06-19 14:57:11,2026-06-19 16:50:11
cc17fc41-6150-4bbf-9bbd-07a22eb28ad1,a054cc4c-a524-4bb6-a66f-244370a162c4,a35c2cf1-67e9-494e-bbb2-3606ec946d9e,2026-06-19 14:57:51,2026-06-19 17:46:51
5ff99cc9-7277-465c-abed-11f70ac072d3,b5cf03bb-e20c-4efa-b2af-070e8283c790,935e89a9-8b0c-4881-bacd-5eba3c421d14,2026-06-19 14:59:06,2026-06-19 17:53:06
571991fe-d779-46c5-ac5b-7401cc7e6970,a054cc4c-a524-4bb6-a66f-244370a162c4,1c92f5ed-55b7-4c90-8efa-2741a382d3e3,2026-06-19 14:59:14,2026-06-19 16:19:14
c31b27ed-574a-47a9-a9e2-1797f8dd9fee,b5cf03bb-e20c-4efa-b2af-070e8283c790,fe3011a0-c931-4512-aa21-3b4013c88951,2026-06-19 14:59:35,2026-06-19 15:12:35
7fe510a7-d1ec-4a49-b70f-27d46d7eac62,e45f08ac-ddd3-47dc-8bb3-84ffd597008f,6108e19c-0b10-42b2-bc4a-a75f74a31b89,2026-06-19 15:00:43,2026-06-19 16:47:43
d29204e2-8e54-4303-b4ff-9f55d3faaa75,0ea266e7-e2e4-435c-9e6d-64e1cb207acd,061b5104-ae8b-4699-b5cf-5e040ea1b762,2026-06-19 15:03:37,2026-06-19 16:00:37
12992a16-baf3-4059-a98c-b9af576faad4,a97ee514-dce1-4774-b54c-704ada9624e6,b77e12ac-c966-4c38-8d0c-b7afef27f6db,2026-06-19 15:03:48,2026-06-19 16:44:48
8d4aa959-ec19-4e1b-9e30-690236fdefb5,996c2e32-df69-406e-a3d8-614ef0d0a7be,8e8dc62e-dec8-4a50-99cf-d96a02710343,2026-06-19 15:05:50,2026-06-19 15:51:50
5b336dca-719e-4397-aaac-0d32bbf25596,814f4e7a-604c-4d0d-a418-87d9f723e613,a95af4fd-cedb-4891-82b8-7a98a84d797d,2026-06-19 15:07:13,2026-06-19 15:50:13
42a20127-f98a-4ac3-9fdc-ac9f24be6c77,a054cc4c-a524-4bb6-a66f-244370a162c4,935e89a9-8b0c-4881-bacd-5eba3c421d14,2026-06-19 15:07:43,2026-06-19 15:14:43
7dce983e-e79b-4a7b-818f-896904509f3b,0ea266e7-e2e4-435c-9e6d-64e1cb207acd,67465aa7-e829-469c-8151-d4d82a624b55,2026-06-19 15:08:04,2026-06-19 16:23:04
7f4d3721-7e5c-408a-b8a2-7de40ae67015,afaa4ed5-7dc8-4afd-8a40-12d1b67c499e,c7aaa5f5-beb5-4c7d-b2de-2b8217c691ce,2026-06-19 15:08:14,2026-06-19 17:17:14
9874c9ed-7f0a-4268-920f-3318661023e6,a97ee514-dce1-4774-b54c-704ada9624e6,061b5104-ae8b-4699-b5cf-5e040ea1b762,2026-06-19 15:08:37,2026-06-19 17:52:37
c9aebbe7-25e1-425f-ae15-2d02bab1d1a1,a054cc4c-a524-4bb6-a66f-244370a162c4,8592972f-fa8c-430f-b937-da5d53ec0f79,2026-06-19 15:08:57,2026-06-19 16:11:57
d0613157-98f6-4674-8464-f3d4cd8717ed,a97ee514-dce1-4774-b54c-704ada9624e6,a9df166f-15a5-405e-8af7-472cba5d2aea,2026-06-19 15:09:50,2026-06-19 15:53:50
afcd8c76-fcf4-40bf-a217-6cebe9a0e756,814f4e7a-604c-4d0d-a418-87d9f723e613,bb309fa2-47fc-4d74-b2e2-6b6c986fbd34,2026-06-19 15:11:57,2026-06-19 17:02:57
7fb563c0-2e9b-40fa-b713-2662740903a3,279a6bca-994c-4042-b552-6cc1b0eab542,06976bce-6513-48e4-9af3-08e5c05693cd,2026-06-19 15:12:42,2026-06-19 15:35:42
95a36ff7-833f-4744-baf2-49b7c3d04967,b5cf03bb-e20c-4efa-b2af-070e8283c790,bb309fa2-47fc-4d74-b2e2-6b6c986fbd34,2026-06-19 15:14:41,2026-06-19 16:07:41
d7ae128a-e190-4579-87ab-2cb77088193e,fae37f2a-b3c9-48c4-b93a-0489ac54ff3f,4fdb4c3e-d350-446e-b914-016b5168675d,2026-06-19 15:15:05,2026-06-19 17:31:05
1be1271e-0fc8-4a92-9057-cb3e78b2615e,47b2bca3-614c-4d0a-b0db-33ead0d216ad,9fd6178d-2e32-495f-b3aa-e2cb46aef3f6,2026-06-19 15:15:19,2026-06-19 16:20:19
f8c764d4-6aab-466d-8ee5-f9c52be81bef,0ea266e7-e2e4-435c-9e6d-64e1cb207acd,9fd6178d-2e32-495f-b3aa-e2cb46aef3f6,2026-06-19 15:15:47,2026-06-19 18:08:47
7b856023-2c9d-4c02-8be2-0d0c62d1cc6a,2749663c-4ec2-490f-a1fe-d1ff207f0e18,91f76402-014a-41d8-baee-d588af33b23a,2026-06-19 15:16:46,2026-06-19 16:49:46
7c07a0b4-098d-4e4c-ade3-ce37ac6febb2,a054cc4c-a524-4bb6-a66f-244370a162c4,a1b14426-054b-47a9-bd5c-a247a9851925,2026-06-19 15:17:13,2026-06-19 16:36:13
4da2ac87-74ad-466e-a102-db512b0580fb,1f6f9ec2-a12d-4e14-9f3b-48f0a16f6e9d,252c4b16-8466-4b90-8f96-8f90afd0291f,2026-06-19 15:17:36,2026-06-19 16:38:36
e36e0da4-53a5-472f-8b30-b4a1a89d9328,47b2bca3-614c-4d0a-b0db-33ead0d216ad,c7aaa5f5-beb5-4c7d-b2de-2b8217c691ce,2026-06-19 15:18:11,2026-06-19 18:04:11
59c5f5b4-4bc3-45d2-b7b3-d166da2f7a66,b9e6f174-41e0-4f62-bc5a-442390cd1cd1,91f76402-014a-41d8-baee-d588af33b23a,2026-06-19 15:18:26,2026-06-19 17:53:26
aa41d665-1cd7-4b04-91f5-27512b2169c9,b7840a0a-922a-4e1a-a35c-3951870430d4,1c92f5ed-55b7-4c90-8efa-2741a382d3e3,2026-06-19 15:21:51,2026-06-19 16:33:51
a632b3e6-bdd8-44b1-a34e-dbabd9a2d5c0,4bc72f2d-9bb9-4653-b52b-665617a18968,e004d3d6-e3c4-48b9-998b-7b53a075e6c4,2026-06-19 15:22:33,2026-06-19 18:08:33
b78e1653-bafd-4a08-adc4-67b82ba9b676,367adcc2-a540-4a3e-aa3d-cde7dc2c91e1,bb309fa2-47fc-4d74-b2e2-6b6c986fbd34,2026-06-19 15:24:46,2026-06-19 18:07:46
8b687ff9-5a3e-459e-8268-1b1e4ae87f82,1c26900b-5e9f-4353-9365-8757fcd75a01,6108e19c-0b10-42b2-bc4a-a75f74a31b89,2026-06-19 15:25:10,2026-06-19 18:15:10
21b7b5c8-b99e-4b08-9388-4571b3062499,e45f08ac-ddd3-47dc-8bb3-84ffd597008f,06976bce-6513-48e4-9af3-08e5c05693cd,2026-06-19 15:26:36,2026-06-19 17:40:36
71acdae8-2918-4967-901a-6bb6080f1c74,e45f08ac-ddd3-47dc-8bb3-84ffd597008f,b77e12ac-c966-4c38-8d0c-b7afef27f6db,2026-06-19 15:26:51,2026-06-19 17:21:51
2cfd6265-22f7-4d28-952c-b5df2a5fc4c3,62ee5e88-b05f-4a6b-823b-f8f87e7c5e8f,55829a23-649b-4c07-8fac-48687f0dbbf1,2026-06-19 15:28:14,2026-06-19 15:39:14
f1a909d8-bc96-4c43-9a2b-fe91577f6ff0,814f4e7a-604c-4d0d-a418-87d9f723e613,b9cebfec-6756-4c31-af63-82cd7e08ca88,2026-06-19 15:28:30,2026-06-19 16:41:30
fadfc856-4253-4835-aa2c-47aa108338d4,1f6f9ec2-a12d-4e14-9f3b-48f0a16f6e9d,c1323a63-30c3-41c2-a010-6259c8ad8714,2026-06-19 15:28:45,2026-06-19 16:15:45
a333b472-c89a-4402-b0f6-42f3aec0cc3f,1af66ca3-f44a-4ad0-aa85-e3f96c09eb0c,891bc6b6-cdb7-4d63-b086-81a126bb775a,2026-06-19 15:30:18,2026-06-19 18:20:18
72a52758-cb96-46d2-bd2f-f27a215114c9,e9aa9352-222f-449b-a976-90374d859a3e,bb309fa2-47fc-4d74-b2e2-6b6c986fbd34,2026-06-19 15:30:54,2026-06-19 18:25:54
2366a0f0-4209-461b-8d3b-8015bf9fa40d,b002d609-4733-4043-8b75-4eec16eca7a0,e9c9dfc1-58fd-4435-9a97-497d3d3caa5f,2026-06-19 15:31:29,2026-06-19 17:53:29
eb671867-5be3-44f5-83d3-97e860609099,29a0f233-996e-4334-97df-05c0cb830d70,c7aaa5f5-beb5-4c7d-b2de-2b8217c691ce,2026-06-19 15:31:51,2026-06-19 16:34:51
f640d916-9d9b-422a-8c16-52039449cce3,47b2bca3-614c-4d0a-b0db-33ead0d216ad,09cdf1f0-7630-488c-bfb3-caca63923097,2026-06-19 15:32:20,2026-06-19 17:25:20
9941c978-cf62-4271-a488-64f654d5f050,279a6bca-994c-4042-b552-6cc1b0eab542,046b4c7f-6adc-4235-9e21-95ca0d5c3b3b,2026-06-19 15:32:47,2026-06-19 16:21:47
329dbb25-9fdf-4de3-a274-a2bfcb62d512,4567aaf4-faf7-42d8-b0ce-cf39d5c70374,cfb82812-3cd3-47ac-aba4-f0ec54e7a3a0,2026-06-19 15:34:47,2026-06-19 16:49:47
cf4dd369-5b45-4bd9-9aaf-fe4aefce0323,1c26900b-5e9f-4353-9365-8757fcd75a01,6746fcd9-3095-4b62-aa03-12fecb4a285f,2026-06-19 15:35:05,2026-06-19 17:00:05
556e81a0-f010-4fef-b68e-64d8cdd8b83b,1af66ca3-f44a-4ad0-aa85-e3f96c09eb0c,1fd32b5a-5090-4bc2-ab21-ed5b400a4c80,2026-06-19 15:35:29,2026-06-19 17:29:29
79a719af-45c1-4b3d-aabb-cd6ec8d01c4a,d2f471bc-124b-49f9-ad99-021a7da5a983,8592972f-fa8c-430f-b937-da5d53ec0f79,2026-06-19 15:36:24,2026-06-19 17:02:24
e51b8c1b-ce19-4fad-9255-c0161cf6164a,814f4e7a-604c-4d0d-a418-87d9f723e613,4fdb4c3e-d350-446e-b914-016b5168675d,2026-06-19 15:37:45,2026-06-19 17:52:45
0860e396-1142-4d3c-953a-950e23376832,520a4fe1-98ba-444b-af6a-ae730fe25c08,1f2504b1-a8c2-487d-b463-eb1d7a077e48,2026-06-19 15:38:48,2026-06-19 17:02:48
7898eefc-f64c-442e-a28a-999f4b6514a0,9d699f82-1758-4c1f-a66c-a1155fe8db44,f4069231-0d41-4175-853e-0ef898226d97,2026-06-19 15:38:54,2026-06-19 17:38:54
d7d8f345-eb5f-4011-9dee-e964aae0cbdb,2749663c-4ec2-490f-a1fe-d1ff207f0e18,bac6d5f1-3c7d-4a24-b9f7-a361d17def20,2026-06-19 15:39:41,2026-06-19 18:20:41
380aa21e-abb1-48c5-b02d-98b6a888a67b,4e6ef397-4c60-46e8-bacc-884d3167be91,55eda42c-ebef-41e1-a9a4-64e2a6eb6bc4,2026-06-19 15:41:42,2026-06-19 16:23:42
8bf30083-5909-43ff-bf18-c817cc27817b,900475b4-32c1-427b-991f-a4d69d4cf86a,8061b56b-6e3e-4011-8e9e-620e4c777195,2026-06-19 15:43:46,2026-06-19 18:40:46
17e033a6-d2f7-4b3b-8390-c49d57baecfd,c6c35c17-3f49-4beb-ad7e-35a0b5bd8786,12322423-8605-4a4d-a56e-320798952caf,2026-06-19 15:44:17,2026-06-19 18:06:17
57a7b107-6f11-4223-b106-6a829d9286b9,afaa4ed5-7dc8-4afd-8a40-12d1b67c499e,a35c2cf1-67e9-494e-bbb2-3606ec946d9e,2026-06-19 15:44:52,2026-06-19 16:27:52
c0be7a03-8bdf-4b20-ba54-07c6c2fc3617,8b47695c-56ff-4fb9-9f73-9231e1086179,cfb82812-3cd3-47ac-aba4-f0ec54e7a3a0,2026-06-19 15:45:10,2026-06-19 17:31:10
612bef2f-5aaa-48f3-a5db-a4a38d317272,b4632a10-5307-4864-a90e-925bfc18b9d7,bac6d5f1-3c7d-4a24-b9f7-a361d17def20,2026-06-19 15:45:37,2026-06-19 18:41:37
c6bed6d3-d9d8-4ffb-a119-62c7923a3852,afaa4ed5-7dc8-4afd-8a40-12d1b67c499e,1f2504b1-a8c2-487d-b463-eb1d7a077e48,2026-06-19 15:46:24,2026-06-19 16:57:24
d2cceb10-0c51-4c5e-8d5d-56ac489e6be0,6ffbbdd8-1d64-4cb1-9ea7-8a5d5dc06f4f,252c4b16-8466-4b90-8f96-8f90afd0291f,2026-06-19 15:46:32,2026-06-19 16:33:32
8aff70cd-66cb-491c-9cdc-6298ec202ae6,9d699f82-1758-4c1f-a66c-a1155fe8db44,b9cebfec-6756-4c31-af63-82cd7e08ca88,2026-06-19 15:47:12,2026-06-19 17:28:12
2a7a9986-b410-40ce-8d05-6651d4b143a8,b4632a10-5307-4864-a90e-925bfc18b9d7,3f78906d-8830-4afd-9569-6682c625741e,2026-06-19 15:49:12,2026-06-19 18:03:12
c302dca6-97c3-4d62-875b-48c1512ae5c4,067bc225-3abd-4c5a-81f4-b0c5e5c32a39,c1323a63-30c3-41c2-a010-6259c8ad8714,2026-06-19 18:24:45,2026-06-19 21:13:45
a9a7a8be-efd0-43c1-9993-baedf1f64672,eddbae35-442f-4c06-a883-c8d2ed2d2084,373c3697-78cf-4304-af76-ea5a452dad05,2026-06-19 18:25:06,2026-06-19 21:09:06
da159ff8-654b-4220-800f-43ecf518a810,5d20e76c-4e9d-445f-b2e1-a38b34cd3446,b67bd8b7-c2ef-46f2-b752-0407b8ed5341,2026-06-19 18:26:18,2026-06-19 20:53:18
08c02925-ae6e-4914-9c9c-9883b922c302,b002d609-4733-4043-8b75-4eec16eca7a0,061b5104-ae8b-4699-b5cf-5e040ea1b762,2026-06-19 18:26:47,2026-06-19 20:38:47
c53d6a39-ba76-47f8-9e27-a7bd57a68ab2,afaa4ed5-7dc8-4afd-8a40-12d1b67c499e,a35c2cf1-67e9-494e-bbb2-3606ec946d9e,2026-06-19 18:27:32,2026-06-19 19:15:32
a95ddb90-3121-4f6f-ad8b-9a104841175f,afaa4ed5-7dc8-4afd-8a40-12d1b67c499e,c7aaa5f5-beb5-4c7d-b2de-2b8217c691ce,2026-06-19 18:28:35,2026-06-19 19:28:35
04584f12-63ec-4a37-8a65-0f9a010c18ec,0c1f0278-b517-480a-8105-cdd4ffa654d0,373c3697-78cf-4304-af76-ea5a452dad05,2026-06-19 18:29:01,2026-06-19 20:33:01
7af7a4b7-315c-4abb-8c67-37ed6d3d3d08,1c26900b-5e9f-4353-9365-8757fcd75a01,55eda42c-ebef-41e1-a9a4-64e2a6eb6bc4,2026-06-19 18:29:14,2026-06-19 19:18:14
67951875-9c8f-408a-b3a7-9a69f816007e,3f68d785-b4f3-4ea3-9527-fbc01c577ba9,09cdf1f0-7630-488c-bfb3-caca63923097,2026-06-19 18:29:40,2026-06-19 18:38:40
9f365b00-015b-45d0-a360-f0e2bf590064,b4632a10-5307-4864-a90e-925bfc18b9d7,935e89a9-8b0c-4881-bacd-5eba3c421d14,2026-06-19 18:30:39,2026-06-19 18:51:39
6bebef29-9b69-4e18-bf0d-b59553db080c,5df882d2-a217-44ae-b8fe-22d7318ca6af,935e89a9-8b0c-4881-bacd-5eba3c421d14,2026-06-19 18:31:00,2026-06-19 20:09:00
d0a13982-f9ad-4f62-9fb4-471f71ccf289,767203a4-1065-4c55-a66c-db68d40f051c,8c1c7130-727a-4ee2-99f4-710a13ac717a,2026-06-19 18:31:26,2026-06-19 19:47:26
4ba569aa-432c-407f-b9c6-dcd88125f3ed,b5cf03bb-e20c-4efa-b2af-070e8283c790,373c3697-78cf-4304-af76-ea5a452dad05,2026-06-19 18:32:00,2026-06-19 21:24:00
f19e44bd-7481-4539-8a92-c04b1238f916,b4632a10-5307-4864-a90e-925bfc18b9d7,8a52dde1-0eb7-4cdf-a260-8946b5996f11,2026-06-19 18:32:19,2026-06-19 20:16:19
17f20d09-458b-4b16-ab72-1ed1f2a90cca,9b00ef8b-67d2-4a51-8c82-a4126a26baa5,8e8dc62e-dec8-4a50-99cf-d96a02710343,2026-06-19 18:34:18,2026-06-19 21:02:18
df123dfd-8893-48e8-b931-4c5e0503b107,1f6f9ec2-a12d-4e14-9f3b-48f0a16f6e9d,891bc6b6-cdb7-4d63-b086-81a126bb775a,2026-06-19 18:34:58,2026-06-19 18:58:58
de568991-694f-4f9d-8129-10ca8684721a,e2f0625f-b4c4-417b-a813-7a8a4d72a17a,25e54e8f-c21a-44aa-ba25-ba90dd594590,2026-06-19 18:36:47,2026-06-19 20:02:47
7a9caa94-21fe-40ba-8842-8880811f7149,a8686807-3ee1-4f52-93a5-ac7259ef9a9a,9f7f4ca0-5afb-45d7-be70-b6d8d99b98ac,2026-06-19 18:36:54,2026-06-19 20:51:54
4d1daa38-b416-4da1-b4a1-e9a4652898e0,bd94ca45-a22d-4fab-b629-8a523f396a77,252c4b16-8466-4b90-8f96-8f90afd0291f,2026-06-19 18:37:01,2026-06-19 19:49:01
761e794e-5192-40d2-bebe-03e01d7ffcb3,347a9b18-a3b7-45e9-9c40-6671e2a98f1c,046b4c7f-6adc-4235-9e21-95ca0d5c3b3b,2026-06-19 18:38:07,2026-06-19 21:00:07
bea20163-7d3d-4c9d-878e-66fd9babf9f9,e2f0625f-b4c4-417b-a813-7a8a4d72a17a,1f2504b1-a8c2-487d-b463-eb1d7a077e48,2026-06-19 18:38:40,2026-06-19 18:49:40
7f722635-a4f0-4ea9-8da9-1511c4b3997a,e45f08ac-ddd3-47dc-8bb3-84ffd597008f,a9df166f-15a5-405e-8af7-472cba5d2aea,2026-06-19 18:39:39,2026-06-19 19:48:39
22cf7f8b-6dab-4349-9abf-c34619bdbb37,88abf5d2-f569-45e9-9d60-a71c154f3d2a,935e89a9-8b0c-4881-bacd-5eba3c421d14,2026-06-19 18:41:10,2026-06-19 19:08:10
bfdb4e31-67a9-45a1-a233-8bf54e5a0529,3e5afee8-c394-4223-8da1-d93c770fc6b0,604cc5c8-b374-4801-ad23-e6a8e117d809,2026-06-19 18:41:24,2026-06-19 18:53:24
ebb17745-90ec-4026-80f3-48172ac124c1,052e3f5c-7ca7-4972-baf6-b7bbf3872774,e004d3d6-e3c4-48b9-998b-7b53a075e6c4,2026-06-19 18:41:44,2026-06-19 21:37:44
9db89f4e-77e1-45cc-8fa8-c4f992ced8ed,767203a4-1065-4c55-a66c-db68d40f051c,12322423-8605-4a4d-a56e-320798952caf,2026-06-19 18:43:00,2026-06-19 20:15:00
9b0f2c91-0d71-4fd6-be5a-b95bb216a192,e9aa9352-222f-449b-a976-90374d859a3e,252c4b16-8466-4b90-8f96-8f90afd0291f,2026-06-19 18:43:20,2026-06-19 21:26:20
89372705-97ff-4f47-a7bd-9ca02e15e4a4,ad9e8a19-bba5-438d-9a86-12ed99dcb50b,2ceca7b2-cf0d-4e98-81b8-104bab7143c9,2026-06-19 18:43:26,2026-06-19 19:10:26
36617f7e-4eea-42fb-8fce-420d5a3232a8,e2f0625f-b4c4-417b-a813-7a8a4d72a17a,4fdb4c3e-d350-446e-b914-016b5168675d,2026-06-19 18:44:50,2026-06-19 19:59:50
45ed258b-d6af-4469-9016-538202ef5986,1bdb408e-2da6-4fc6-9355-ab8e8c1757c1,e9c9dfc1-58fd-4435-9a97-497d3d3caa5f,2026-06-19 18:45:33,2026-06-19 21:05:33
a10bbbbb-ee2e-45ef-a868-d708f84cf15d,c2459df2-8cdb-496c-94da-640bdc00f386,f4069231-0d41-4175-853e-0ef898226d97,2026-06-19 18:46:04,2026-06-19 18:58:04
4da7482a-f5c0-433d-ba6b-9ecd0bdebdf4,4b78e510-ed41-4db8-a77f-83b6e4b9e6d0,16680d46-fc8a-4691-8b00-b09bc2004a19,2026-06-19 18:46:12,2026-06-19 19:09:12
c4ad26fa-1e32-477f-9a87-2007d2c3a87d,5df882d2-a217-44ae-b8fe-22d7318ca6af,0ce42ca3-c85d-4327-b49d-0e8adb74d2c9,2026-06-19 18:46:43,2026-06-19 19:09:43
04971a03-934b-449b-851d-89b5fe9e5060,e9aa9352-222f-449b-a976-90374d859a3e,3f78906d-8830-4afd-9569-6682c625741e,2026-06-19 18:46:50,2026-06-19 21:06:50
ed515502-0fab-4b16-9a24-571a8039676f,4b3b5616-140c-4855-ae12-ad25d12bb026,09cdf1f0-7630-488c-bfb3-caca63923097,2026-06-19 18:47:50,2026-06-19 19:52:50
26f092f8-f838-4572-b6b7-cb5a85d1ee8c,81a916be-4973-4db8-8b9e-501d854aef15,bb309fa2-47fc-4d74-b2e2-6b6c986fbd34,2026-06-19 18:48:23,2026-06-19 20:42:23
1f12558f-c5ea-4895-bc11-3a93f8106276,b67b904e-5990-4b16-b982-70028b5a1e7a,6746fcd9-3095-4b62-aa03-12fecb4a285f,2026-06-19 18:49:32,2026-06-19 19:35:32
7ceb42d9-d5d1-45d1-b1d2-d060a058c3c9,ad9e8a19-bba5-438d-9a86-12ed99dcb50b,0ce42ca3-c85d-4327-b49d-0e8adb74d2c9,2026-06-19 18:49:45,2026-06-19 20:38:45
d12a1d89-5794-465a-a698-8c5196dfe66b,afaa4ed5-7dc8-4afd-8a40-12d1b67c499e,8592972f-fa8c-430f-b937-da5d53ec0f79,2026-06-19 18:50:57,2026-06-19 21:28:57
e8938abc-4056-4013-a67b-ea3520024cdd,a8ea10ee-121a-43c2-ad99-4a5f0b3197ea,a1b14426-054b-47a9-bd5c-a247a9851925,2026-06-19 18:51:43,2026-06-19 19:14:43
86c41e39-c157-44fe-9b8e-f94681618631,c6c35c17-3f49-4beb-ad7e-35a0b5bd8786,8c1c7130-727a-4ee2-99f4-710a13ac717a,2026-06-19 18:51:50,2026-06-19 21:04:50
9f1a9815-9780-4995-a590-e869056d5018,4bc72f2d-9bb9-4653-b52b-665617a18968,6746fcd9-3095-4b62-aa03-12fecb4a285f,2026-06-19 18:52:43,2026-06-19 21:23:43
dc19ce00-8190-4149-a7be-c41bf77d214c,2749663c-4ec2-490f-a1fe-d1ff207f0e18,4fdb4c3e-d350-446e-b914-016b5168675d,2026-06-19 18:52:48,2026-06-19 19:38:48
8d034920-d6ed-4d1f-ad0b-b516c016a5f0,eddbae35-442f-4c06-a883-c8d2ed2d2084,891bc6b6-cdb7-4d63-b086-81a126bb775a,2026-06-19 18:54:05,2026-06-19 20:35:05
cb611588-0466-4d6e-a731-2793073dd6a8,1f6f9ec2-a12d-4e14-9f3b-48f0a16f6e9d,55eda42c-ebef-41e1-a9a4-64e2a6eb6bc4,2026-06-19 18:54:24,2026-06-19 20:56:24
5fe30f8d-4960-4626-8a23-c4ad74170752,315dd2a1-7d14-4a6b-b04b-232ea988fef4,8592972f-fa8c-430f-b937-da5d53ec0f79,2026-06-19 18:55:02,2026-06-19 20:36:02
9f39843e-1bed-4ff8-8dc2-d968df545da4,f07160be-bf83-4bd6-8a78-1f7d8717721b,16680d46-fc8a-4691-8b00-b09bc2004a19,2026-06-19 18:55:29,2026-06-19 21:49:29
dc1232de-3af3-4129-929f-a6ebfb8119a7,a610dd74-2ea1-41fc-ac3f-959a90d7c75d,0f42e55c-e2f1-4ef6-959b-0e39485b881f,2026-06-19 18:57:06,2026-06-19 19:36:06
d25f16e0-2260-440b-86d9-6343fae8d5e5,0ea266e7-e2e4-435c-9e6d-64e1cb207acd,046b4c7f-6adc-4235-9e21-95ca0d5c3b3b,2026-06-19 18:58:11,2026-06-19 19:25:11
e3d028cd-97d8-4789-947a-94f6e632a045,857d76ce-4f2d-4517-a042-0aaf2f897dc4,95999ef1-3dee-413a-91d9-58f1c8b7d3dc,2026-06-19 18:58:31,2026-06-19 21:07:31
95158509-24b9-49f6-b809-296eaa918080,9878b9a2-4cff-4789-ab27-fce7b52daf1b,b9cebfec-6756-4c31-af63-82cd7e08ca88,2026-06-19 18:58:43,2026-06-19 19:28:43
a7301da3-c599-4d3a-90e3-9ae746baec1f,62ee5e88-b05f-4a6b-823b-f8f87e7c5e8f,67465aa7-e829-469c-8151-d4d82a624b55,2026-06-19 19:00:37,2026-06-19 21:46:37
7c88b4e6-61f0-4f95-86c1-71dbbc1c33f6,9931d260-389e-45cd-94bd-e8975d0fb923,95999ef1-3dee-413a-91d9-58f1c8b7d3dc,2026-06-19 19:00:58,2026-06-19 19:39:58
326bbe5d-c03a-43ee-8e95-1e77bcd6f992,814f4e7a-604c-4d0d-a418-87d9f723e613,06976bce-6513-48e4-9af3-08e5c05693cd,2026-06-19 19:01:17,2026-06-19 20:05:17
594b0621-1d6d-457e-be1c-53db6bcd3382,18b21ad3-ead0-4f6a-8f22-b10b81ec4394,91f76402-014a-41d8-baee-d588af33b23a,2026-06-19 19:01:24,2026-06-19 20:41:24
7ddd1d5d-6832-4142-9ad9-10f0dadb783c,1af66ca3-f44a-4ad0-aa85-e3f96c09eb0c,1efe8a03-0ff0-4d5c-aed3-1bdf1a07b889,2026-06-19 19:01:56,2026-06-19 21:18:56
4256a4f6-a92f-4edd-ac09-337893e34eb3,b67b904e-5990-4b16-b982-70028b5a1e7a,38be73d8-5ac3-452f-9590-060525df25af,2026-06-19 19:03:10,2026-06-19 19:12:10
d3b1e029-f35f-48e0-9dd2-9f0d9bdd7312,347a9b18-a3b7-45e9-9c40-6671e2a98f1c,a1b14426-054b-47a9-bd5c-a247a9851925,2026-06-19 19:03:17,2026-06-19 20:13:17
23fd4ab0-28d7-497e-8000-5fb613569086,16964f4f-cad0-445d-b94c-281e5c4b6db5,67465aa7-e829-469c-8151-d4d82a624b55,2026-06-19 19:03:25,2026-06-19 20:52:25
823b8633-b7bb-4ffe-aa02-593e9219bf9d,8889c8d8-74a2-4f33-aa8d-c2ea778b3495,bb309fa2-47fc-4d74-b2e2-6b6c986fbd34,2026-06-19 19:04:31,2026-06-19 20:16:31
ae3cbb01-12a1-4d39-bb8b-5c92ed1f2aaf,4b3b5616-140c-4855-ae12-ad25d12bb026,09cdf1f0-7630-488c-bfb3-caca63923097,2026-06-19 19:05:10,2026-06-19 21:33:10
515b7fc5-daa7-489d-9eb4-055cceec585b,9b00ef8b-67d2-4a51-8c82-a4126a26baa5,38be73d8-5ac3-452f-9590-060525df25af,2026-06-19 19:06:00,2026-06-19 20:40:00
0940afa3-33e4-45c0-a3d6-f5cae076ac11,0c3fd2e1-0882-44ff-87fe-059c59af8e4b,06976bce-6513-48e4-9af3-08e5c05693cd,2026-06-19 19:07:12,2026-06-19 19:25:12
998792dc-75d3-4f42-b906-d2b84eb3a1c2,85f54c5e-91bb-472d-a986-7098e8c387de,a95af4fd-cedb-4891-82b8-7a98a84d797d,2026-06-19 19:07:32,2026-06-19 20:54:32
8d17403b-a0a8-4611-bf96-5d12c66bfa96,de5a4f7e-b6b4-41bd-8b89-1047aab780c7,9b11cdc8-911e-4fe1-861b-87ff4d9c2093,2026-06-19 19:08:29,2026-06-19 20:12:29
1398a206-9548-42e6-8998-5bcab91944f9,12dbb36d-dace-4267-8750-9308b97ee616,b67bd8b7-c2ef-46f2-b752-0407b8ed5341,2026-06-19 19:08:43,2026-06-19 20:05:43
7db04214-799a-422a-8001-36a69f54fb6a,16964f4f-cad0-445d-b94c-281e5c4b6db5,e9c9dfc1-58fd-4435-9a97-497d3d3caa5f,2026-06-19 19:10:00,2026-06-19 19:28:00
68ebf7dd-6173-43ab-9d9b-6b455c67a30d,53b1dc92-66be-455e-8c6b-ba7896156f15,6746fcd9-3095-4b62-aa03-12fecb4a285f,2026-06-19 19:10:14,2026-06-19 20:48:14
879f0d7d-7960-47fb-b2e3-7153848bf9da,85f54c5e-91bb-472d-a986-7098e8c387de,a346bb1e-a7ff-4018-9c61-0eca86df0f61,2026-06-19 19:10:50,2026-06-19 22:09:50
da9dbb80-af85-4548-91ec-b0c9575d9074,0f34841e-e9aa-4d87-a3bb-f6a2427e9212,252c4b16-8466-4b90-8f96-8f90afd0291f,2026-06-19 19:12:04,2026-06-19 20:14:04
a0176fa8-1e4f-4708-bad5-2ec25d6d939e,b9e6f174-41e0-4f62-bc5a-442390cd1cd1,a95af4fd-cedb-4891-82b8-7a98a84d797d,2026-06-19 19:12:30,2026-06-19 19:23:30
592d2322-6b42-4a03-af8e-1e84fe0712da,f81dc84c-824b-4957-be81-fdc5afe7b8a2,1fd32b5a-5090-4bc2-ab21-ed5b400a4c80,2026-06-19 19:12:42,2026-06-19 19:49:42
02808373-290d-4173-8411-af6809fc973d,b7840a0a-922a-4e1a-a35c-3951870430d4,6bd5d031-e68b-47c0-8300-c43f0c2f35f7,2026-06-19 19:13:21,2026-06-19 20:02:21
8777b24d-bac9-44de-ab20-38c646aeaa41,a97ee514-dce1-4774-b54c-704ada9624e6,91f76402-014a-41d8-baee-d588af33b23a,2026-06-19 19:14:36,2026-06-19 19:24:36
6b343cd2-0118-48b4-844b-7baefb1b7167,1af66ca3-f44a-4ad0-aa85-e3f96c09eb0c,12322423-8605-4a4d-a56e-320798952caf,2026-06-19 19:14:43,2026-06-19 21:36:43
518778ca-1b43-4119-abb5-7382227f2cd2,47b2bca3-614c-4d0a-b0db-33ead0d216ad,a9df166f-15a5-405e-8af7-472cba5d2aea,2026-06-19 19:16:45,2026-06-19 20:56:45
ecdffcd1-14ac-43c6-b67c-a663a174c88e,e9aa9352-222f-449b-a976-90374d859a3e,39b3f684-9677-4ff0-bc81-276b045ab4aa,2026-06-19 19:17:23,2026-06-19 19:39:23
f2610565-0b77-44f9-9c48-609d25a41322,5a8a2ef8-d7ec-4529-a1c2-f2c8d83abe94,0ce42ca3-c85d-4327-b49d-0e8adb74d2c9,2026-06-19 19:18:02,2026-06-19 19:38:02
3aa611b3-9569-4b45-a5f3-0557a6d5e363,b7840a0a-922a-4e1a-a35c-3951870430d4,1efe8a03-0ff0-4d5c-aed3-1bdf1a07b889,2026-06-19 19:18:37,2026-06-19 20:27:37
d6481254-386b-48cc-b7c5-e52b4a9bc1ba,7dd34eb4-bf7d-4830-90fd-abc559c64a9b,38be73d8-5ac3-452f-9590-060525df25af,2026-06-19 19:19:05,2026-06-19 20:28:05
612fbbfd-2a8d-421d-8dae-4787170531c8,de5a4f7e-b6b4-41bd-8b89-1047aab780c7,8a52dde1-0eb7-4cdf-a260-8946b5996f11,2026-06-19 19:19:18,2026-06-19 21:57:18
0e533859-97d4-4d70-81cf-d52328ecd5a7,067bc225-3abd-4c5a-81f4-b0c5e5c32a39,3f78906d-8830-4afd-9569-6682c625741e,2026-06-19 19:19:24,2026-06-19 19:24:24
6824dc7e-ffdd-4a0e-92cf-aca0b4541a1d,a8ea10ee-121a-43c2-ad99-4a5f0b3197ea,8061b56b-6e3e-4011-8e9e-620e4c777195,2026-06-19 19:23:06,2026-06-19 19:58:06
11503aa0-9d0e-4bfe-bf5c-17089ab94e06,ad9e8a19-bba5-438d-9a86-12ed99dcb50b,22a990f3-a58e-4b79-a832-f797a1f2489f,2026-06-19 19:23:33,2026-06-19 21:59:33
67af45d1-5bdd-45bf-98fc-a45accd1f890,f07160be-bf83-4bd6-8a78-1f7d8717721b,bac6d5f1-3c7d-4a24-b9f7-a361d17def20,2026-06-19 19:24:02,2026-06-19 20:57:02
1c238dea-bd64-4fd5-bec0-f965720488db,e45f08ac-ddd3-47dc-8bb3-84ffd597008f,38be73d8-5ac3-452f-9590-060525df25af,2026-06-19 19:26:22,2026-06-19 21:26:22
0530887f-e9ab-471c-a094-be020c2d27fc,4b3b5616-140c-4855-ae12-ad25d12bb026,b9cebfec-6756-4c31-af63-82cd7e08ca88,2026-06-19 19:26:50,2026-06-19 19:52:50
159d2f19-d335-4fc1-bf4e-40ca447328f9,809f7962-488d-44df-9191-b62a196954ec,1efe8a03-0ff0-4d5c-aed3-1bdf1a07b889,2026-06-19 19:27:56,2026-06-19 22:00:56
44f7a6d3-f6b8-4b7a-97e4-b95dd8d06cc1,53b1dc92-66be-455e-8c6b-ba7896156f15,38be73d8-5ac3-452f-9590-060525df25af,2026-06-19 19:28:30,2026-06-19 21:25:30
2c166cdd-7383-4027-a4d8-acc865ce12cc,b67b904e-5990-4b16-b982-70028b5a1e7a,a35c2cf1-67e9-494e-bbb2-3606ec946d9e,2026-06-19 19:28:56,2026-06-19 22:12:56
b28a080e-b0e4-44d3-8bed-8fb7cfafcc91,252db408-2bcc-4a0b-882c-0f964b6d839a,67465aa7-e829-469c-8151-d4d82a624b55,2026-06-19 19:29:43,2026-06-19 19:35:43
78051995-8d6c-4351-8732-e92ab695ccb4,4567aaf4-faf7-42d8-b0ce-cf39d5c70374,22a990f3-a58e-4b79-a832-f797a1f2489f,2026-06-19 19:30:15,2026-06-19 19:56:15
0684c735-9072-4db9-b07f-92acf436ec91,9f384bcc-e39a-4e8a-8be5-040e84106812,38be73d8-5ac3-452f-9590-060525df25af,2026-06-19 19:30:50,2026-06-19 22:11:50
4c023ec9-d0d4-436c-8dc5-3270aeef75c3,814f4e7a-604c-4d0d-a418-87d9f723e613,a9df166f-15a5-405e-8af7-472cba5d2aea,2026-06-19 19:34:51,2026-06-19 21:02:51
6386b69a-6611-430f-978d-85d8383fdd93,fa67452b-745a-4d12-8ac4-f647dbf6bf8d,6bd5d031-e68b-47c0-8300-c43f0c2f35f7,2026-06-19 19:35:12,2026-06-19 20:47:12
25392a4f-a429-4aef-aee8-8b4f7b75b96c,f81dc84c-824b-4957-be81-fdc5afe7b8a2,618b0ae7-0fff-48fb-9370-a843df38b9c6,2026-06-19 19:35:19,2026-06-19 21:10:19
b86c1fa7-cc82-4fe4-b230-8d098df6ccb0,ad9e8a19-bba5-438d-9a86-12ed99dcb50b,618b0ae7-0fff-48fb-9370-a843df38b9c6,2026-06-19 19:36:17,2026-06-19 21:40:17
47577c5e-9dc6-4180-965a-e6b4b30e1e1e,6eedde0c-ea74-4268-9339-412d788d75d1,9f7f4ca0-5afb-45d7-be70-b6d8d99b98ac,2026-06-19 19:36:30,2026-06-19 20:32:30
15d544d9-fc83-4854-bd8b-43198dff5318,da8086c2-1ab0-4121-9cc4-bae578beb5eb,935e89a9-8b0c-4881-bacd-5eba3c421d14,2026-06-19 19:38:29,2026-06-19 22:15:29
64c37fa0-781d-4997-b2e9-a0cf4ecc0821,fb1b2d9b-ac3c-4d6a-9a47-a67b2585d863,a35c2cf1-67e9-494e-bbb2-3606ec946d9e,2026-06-19 19:39:23,2026-06-19 21:46:23
c6650789-2640-4ed2-9acd-e50e9e7e81cb,eddbae35-442f-4c06-a883-c8d2ed2d2084,b77e12ac-c966-4c38-8d0c-b7afef27f6db,2026-06-19 19:39:50,2026-06-19 19:58:50
db8d4b6a-9fa0-4bf1-9b6c-1a02b8b73549,218deb2b-541e-4eb6-a3f1-46581092215e,16680d46-fc8a-4691-8b00-b09bc2004a19,2026-06-19 19:40:16,2026-06-19 21:42:16
368a39f2-4446-48a0-b927-164ad4b65ac5,9b00ef8b-67d2-4a51-8c82-a4126a26baa5,a346bb1e-a7ff-4018-9c61-0eca86df0f61,2026-06-19 19:40:32,2026-06-19 20:48:32
396d389d-ac3e-417c-9080-d6a9b831ba4b,4bc72f2d-9bb9-4653-b52b-665617a18968,8061b56b-6e3e-4011-8e9e-620e4c777195,2026-06-19 19:40:46,2026-06-19 21:57:46
02424893-a4bc-485b-b0db-915691e0e362,814f4e7a-604c-4d0d-a418-87d9f723e613,3f78906d-8830-4afd-9569-6682c625741e,2026-06-19 19:41:57,2026-06-19 22:22:57
5055f032-a171-4add-955f-e81786f20ce0,a5e0299f-f475-4129-bd39-fbdcb5cf5dab,3a5a455c-b0b4-41c9-94fe-b4efcc045e68,2026-06-19 19:42:23,2026-06-19 22:19:23
711b1ddb-8f4d-4355-9673-0a87c6bdf411,a9194e79-cd72-4a6d-a360-7cfda7155202,891bc6b6-cdb7-4d63-b086-81a126bb775a,2026-06-19 19:43:04,2026-06-19 22:10:04
847330b0-6f01-4d5d-b403-cac3f16ff938,b5cf03bb-e20c-4efa-b2af-070e8283c790,046b4c7f-6adc-4235-9e21-95ca0d5c3b3b,2026-06-19 19:44:10,2026-06-19 21:45:10
dc6fba04-08e4-4fbb-bd63-8089385a1c41,c312ee10-d7ad-41f0-81b0-bd5475f88c09,8a52dde1-0eb7-4cdf-a260-8946b5996f11,2026-06-19 19:44:38,2026-06-19 20:15:38
46f226ed-b68f-464b-a424-44f21d2bfb47,7348c55f-72b0-4525-87c3-423f8670043a,1f2504b1-a8c2-487d-b463-eb1d7a077e48,2026-06-19 19:44:44,2026-06-19 20:21:44
a3adf49d-b670-42b1-bb5a-21c9dd629182,f10e6fab-32f0-498c-b21a-0e4ef4ae09e1,604cc5c8-b374-4801-ad23-e6a8e117d809,2026-06-19 19:46:21,2026-06-19 21:10:21
2e999a66-3dac-4bc6-b70c-9a47a90aa08b,82770682-ab0e-41e8-8f7c-17232a2b7ffa,8592972f-fa8c-430f-b937-da5d53ec0f79,2026-06-19 19:47:37,2026-06-19 22:27:37
d7f82689-a4e8-47e5-8818-990dff18b3ee,ed182375-60cd-4e70-a633-ca384dd375b9,55eda42c-ebef-41e1-a9a4-64e2a6eb6bc4,2026-06-19 19:47:44,2026-06-19 20:01:44
24d46bdf-1097-4894-bb81-493d40d54f14,b3073a61-9962-4fa9-95e0-ba7e7bf21a51,8592972f-fa8c-430f-b937-da5d53ec0f79,2026-06-19 19:47:52,2026-06-19 20:27:52
c8d83d83-6a10-4ac7-8772-75546050efae,79cfe846-51b6-42e4-89de-316c5dd67091,25e54e8f-c21a-44aa-ba25-ba90dd594590,2026-06-19 19:48:05,2026-06-19 21:34:05
e9167310-b182-4850-8731-c19ad88407c0,781bec68-4fe9-4a22-b094-878b8b5fa7a4,8592972f-fa8c-430f-b937-da5d53ec0f79,2026-06-19 19:48:12,2026-06-19 22:11:12
006b879a-48db-49b4-b9e2-068e94f589af,8e01b90e-d20b-4f68-82c1-bf98052261c4,12322423-8605-4a4d-a56e-320798952caf,2026-06-19 19:49:24,2026-06-19 21:38:24
17fb5374-7500-4ebb-93e4-7e2381d2cef2,12dbb36d-dace-4267-8750-9308b97ee616,046b4c7f-6adc-4235-9e21-95ca0d5c3b3b,2026-06-19 19:49:57,2026-06-19 21:28:57
263253f9-4e5d-4221-a5bb-55356645295c,b002d609-4733-4043-8b75-4eec16eca7a0,252c4b16-8466-4b90-8f96-8f90afd0291f,2026-06-19 19:50:18,2026-06-19 20:36:18
a8eab1d3-c6a9-44d9-80f7-df69a7d7c857,f9d3b5fd-ad6b-4948-bc19-16cb17c425f6,a9df166f-15a5-405e-8af7-472cba5d2aea,2026-06-19 19:51:36,2026-06-19 21:48:36
61655291-8808-42d5-9c71-50561f8b6cad,b5cf03bb-e20c-4efa-b2af-070e8283c790,618b0ae7-0fff-48fb-9370-a843df38b9c6,2026-06-19 19:53:38,2026-06-19 22:16:38
a3f443a8-bdeb-4cb4-bdac-dc9da3502589,052e3f5c-7ca7-4972-baf6-b7bbf3872774,061b5104-ae8b-4699-b5cf-5e040ea1b762,2026-06-19 19:54:31,2026-06-19 21:59:31
bc372817-3983-4c01-8535-50c63d0dc429,5821942d-11a4-4f02-9e3f-476a3f8bfa0b,4fdb4c3e-d350-446e-b914-016b5168675d,2026-06-19 19:57:18,2026-06-19 20:25:18
00fd5038-a40a-4463-916f-89d6818e5eb0,b9e6f174-41e0-4f62-bc5a-442390cd1cd1,a1b14426-054b-47a9-bd5c-a247a9851925,2026-06-19 19:57:31,2026-06-19 20:33:31
be7366d5-78d9-4bce-bb09-5039a16b80bf,07fa4b05-1aae-423f-8985-f51d8cfed5e5,9fd6178d-2e32-495f-b3aa-e2cb46aef3f6,2026-06-19 19:57:59,2026-06-19 22:32:59
a789f819-4d26-4689-b736-c3945459ce55,9d5c84ad-95fc-4826-b30b-dafcbdb4e81d,935e89a9-8b0c-4881-bacd-5eba3c421d14,2026-06-19 19:59:43,2026-06-19 20:52:43
a6fa0291-b5c3-48a5-8742-023f16c6488f,555a9b05-65f6-4391-86ac-8b359efbaf1d,a1b14426-054b-47a9-bd5c-a247a9851925,2026-06-19 19:59:50,2026-06-19 22:47:50
ef27b1aa-59cd-47eb-89c1-2eadce1820ff,e69e0f51-0656-4f8c-8c0b-5fe61a7559f2,618b0ae7-0fff-48fb-9370-a843df38b9c6,2026-06-19 20:00:51,2026-06-19 21:52:51
413938b3-a6a9-4d7d-928e-20196f166eec,d1653d31-d030-455f-bc01-f4e254d31569,fe3011a0-c931-4512-aa21-3b4013c88951,2026-06-19 20:01:54,2026-06-19 22:54:54
fb13b7a2-e639-4a9a-b3b8-66a0a675e8f2,2749663c-4ec2-490f-a1fe-d1ff207f0e18,9f7f4ca0-5afb-45d7-be70-b6d8d99b98ac,2026-06-19 20:03:16,2026-06-19 21:56:16
6467acc1-4191-453d-aed0-417a4f3162fe,e07f539c-2826-4a0f-a2a9-60dae9bc8097,6108e19c-0b10-42b2-bc4a-a75f74a31b89,2026-06-19 20:03:29,2026-06-19 21:14:29
57eb929f-8e63-4add-a94a-5da4eac4c0ed,44376f16-5fb3-42d2-b344-f54e953bcd4c,38be73d8-5ac3-452f-9590-060525df25af,2026-06-19 20:05:14,2026-06-19 21:19:14
7c49b7a9-0515-49d0-b30f-e1f53b09b8a2,f97c2ab9-349d-4ebc-900d-52a76e4ae793,c7aaa5f5-beb5-4c7d-b2de-2b8217c691ce,2026-06-19 20:06:30,2026-06-19 22:19:30
20d17927-ba6b-41a8-a247-fa1f9491f534,34410204-e9ed-492a-8e21-855a76f95dea,604cc5c8-b374-4801-ad23-e6a8e117d809,2026-06-19 20:06:38,2026-06-19 21:13:38
de8e10cd-b1bb-4361-bce6-1cb4e870135a,7dd34eb4-bf7d-4830-90fd-abc559c64a9b,8592972f-fa8c-430f-b937-da5d53ec0f79,2026-06-19 20:07:27,2026-06-19 21:30:27
e255994e-980f-4257-9de2-6c3151012b59,de5a4f7e-b6b4-41bd-8b89-1047aab780c7,a9df166f-15a5-405e-8af7-472cba5d2aea,2026-06-19 20:07:43,2026-06-19 22:24:43
