id,room_id,user_id,joined_at,left_at
47add6e1-3105-4091-821a-99d611e462b2,f2bd6ea9-e4ab-4162-aae5-e0ea1559bd35,e9a7d752-9b25-4616-92b3-edb905512202,2026-06-19 14:24:03,2026-06-19 17:21:03
ad6fd9f6-3573-4352-96a9-0ea504523047,610b8a81-eb71-4491-af09-9741077e2288,fe3011a0-c931-4512-aa21-3b4013c88951,2026-06-19 14:24:11,2026-06-19 14:51:11
a2ee8202-0b99-489b-88d1-5dbed5580ddb,61b36343-a5a0-43af-8936-a955b78b90da,a9df166f-15a5-405e-8af7-472cba5d2aea,2026-06-19 14:29:10,2026-06-19 17:06:10
52fed961-fdf6-4e83-9ea3-e7ec9e42876a,e059c1d1-c1e3-4f77-8cae-1d5c9fd50be0,061b5104-ae8b-4699-b5cf-5e040ea1b762,2026-06-19 14:29:43,2026-06-19 15:32:43
85ce08e5-aae0-4886-bc19-164528dead5b,cd1f0824-db52-49ac-9d42-4ff92633aede,1f2504b1-a8c2-487d-b463-eb1d7a077e48,2026-06-19 14:30:17,2026-06-19 16:41:17
a627345f-5f69-45e6-bdef-35edd0677ca6,e7eba31a-f3fb-4c6d-974b-dd9f8617b33a,c53a6b3a-df85-4ade-9c4e-78a656ae0d51,2026-06-19 14:31:57,2026-06-19 15:55:57
178a8996-b34f-4427-819a-1d5ca20e9c2d,a5d82747-efc2-4725-b612-76b39ee00d61,1c92f5ed-55b7-4c90-8efa-2741a382d3e3,2026-06-19 14:32:37,2026-06-19 14:48:37
75b209c8-43bc-4787-ad7e-0e1a8e69d171,3b609d89-202d-4ede-b9e5-f49215515093,e004d3d6-e3c4-48b9-998b-7b53a075e6c4,2026-06-19 14:33:24,2026-06-19 15:41:24
91aceeb3-4534-47ff-9ca9-40b500d9d436,60d65038-9169-453f-9e9d-5cf560ebe246,1efe8a03-0ff0-4d5c-aed3-1bdf1a07b889,2026-06-19 14:34:14,2026-06-19 15:33:14
407e34ec-a6de-4b66-ad49-6d417876bcf5,4a048ee9-4731-4bb7-b4d2-584d29fe0f94,a346bb1e-a7ff-4018-9c61-0eca86df0f61,2026-06-19 14:36:58,2026-06-19 15:27:58
8d55f0d7-4852-4fe4-94bc-e13ac698a4dc,a5a3065a-fc10-4b05-a7cf-9b4585fe5cdc,f4069231-0d41-4175-853e-0ef898226d97,2026-06-19 14:37:22,2026-06-19 15:57:22
11859c1f-a0a1-4d97-b79d-0ad83a55972a,39e6fbc8-bdeb-43e6-9bf0-cceccd2142f4,8c1c7130-727a-4ee2-99f4-710a13ac717a,2026-06-19 14:39:04,2026-06-19 16:39:04
95d8b55a-1f5e-4715-a58a-4adbd369dbf6,4c5a2d7d-5786-45e5-9c56-e4c302b4850b,16680d46-fc8a-4691-8b00-b09bc2004a19,2026-06-19 14:39:28,2026-06-19 17:29:28
5add0f67-2588-4523-b58a-cf3ee957771d,67ee9e31-c75b-45cf-ab0f-06ffcd5e112c,7a9d5fb0-a416-4f2e-af89-c7b367d8ff11,2026-06-19 14:39:45,2026-06-19 15:37:45
67b1c83e-530b-48c0-948a-6fc3fb66312a,f29560af-a9fc-4ec6-a810-6280f6592090,8592972f-fa8c-430f-b937-da5d53ec0f79,2026-06-19 14:40:43,2026-06-19 15:39:43
99474fba-3324-4f70-8b6c-0edb9eb4c282,767add67-09aa-49ff-8867-730226ecc605,6746fcd9-3095-4b62-aa03-12fecb4a285f,2026-06-19 14:42:02,2026-06-19 17:38:02
52d33aef-e775-4f42-93ff-3909cd2f89f6,a69f6e78-1d27-480f-8fa6-4a18d731a739,c1323a63-30c3-41c2-a010-6259c8ad8714,2026-06-19 14:42:44,2026-06-19 16:34:44
2a081aa0-394c-460b-a677-1d5857679f6b,acc489bf-dd96-48e9-b7ca-50d5114bae4b,7a9d5fb0-a416-4f2e-af89-c7b367d8ff11,2026-06-19 14:44:13,2026-06-19 16:38:13
abc6444d-3052-48f9-b787-d19f3dca01c8,a02d3b45-4451-44b2-b303-0d112390b26b,8c1c7130-727a-4ee2-99f4-710a13ac717a,2026-06-19 14:44:46,2026-06-19 14:50:46
819f048f-e6bd-4a7d-b5e0-0240e6758ece,b762b9a9-aa9e-459c-a7d5-0aa01b369dd7,22a990f3-a58e-4b79-a832-f797a1f2489f,2026-06-19 14:45:54,2026-06-19 17:12:54
0fb8c409-0492-4048-97b7-c66c8bdec8db,396aedc6-f9eb-4a53-9393-03e1bf0dd943,4fdb4c3e-d350-446e-b914-016b5168675d,2026-06-19 14:46:48,2026-06-19 16:32:48
1c913e20-954c-418f-a552-da183560c939,ea82e670-0971-4e40-a50e-839a7c520e22,25e54e8f-c21a-44aa-ba25-ba90dd594590,2026-06-19 14:46:58,2026-06-19 15:48:58
8751e9bc-31f4-41f9-a382-3f969f34aa2f,78a96c4b-6a2a-4238-8ab5-4b62e5156fa7,c53a6b3a-df85-4ade-9c4e-78a656ae0d51,2026-06-19 14:47:56,2026-06-19 15:19:56
5780a8a8-732b-445a-abe0-7e45373f366c,41473418-d282-49ec-9167-a947be059266,618b0ae7-0fff-48fb-9370-a843df38b9c6,2026-06-19 14:48:15,2026-06-19 16:55:15
ac4d3b47-eec5-4a34-bfe3-2df30c9e8741,614c5c5a-7054-4a3f-af7e-785c826974a3,c7aaa5f5-beb5-4c7d-b2de-2b8217c691ce,2026-06-19 14:49:22,2026-06-19 15:58:22
babdfb0f-8641-4fb4-8775-68b274a85b4d,124bd07f-e4ea-44d1-9537-c9b6e103f1a5,b77e12ac-c966-4c38-8d0c-b7afef27f6db,2026-06-19 14:49:31,2026-06-19 15:18:31
eb5b756a-1a10-4b55-b376-c56e5de7444f,e3c0c092-9639-434e-8c68-604e953eadfd,06976bce-6513-48e4-9af3-08e5c05693cd,2026-06-19 14:50:09,2026-06-19 14:57:09
076b47d4-ec30-4981-acce-2eb3959bfb3e,8ff131e9-7816-4254-beac-d7b96672940e,9ab76931-aeeb-4afa-bd81-01968bc461c6,2026-06-19 14:50:26,2026-06-19 15:25:26
62bb46ec-7b80-48ff-95f6-03e21f2dd26a,0bf03e9e-53a8-47ac-8239-5f2f23070598,9b11cdc8-911e-4fe1-861b-87ff4d9c2093,2026-06-19 14:50:33,2026-06-19 17:40:33
d69f673b-523a-4633-83e6-aac519f91d36,a63da84c-202c-4532-b12d-d2e958225036,f4069231-0d41-4175-853e-0ef898226d97,2026-06-19 14:50:56,2026-06-19 15:11:56
ed1731e2-bdf5-417a-a385-c376de04e36e,7fff9a43-60bd-44d2-83e3-a86902eb3779,c7aaa5f5-beb5-4c7d-b2de-2b8217c691ce,2026-06-19 14:55:02,2026-06-19 17:08:02
3025596c-7e67-4804-ae21-800487a8fdc7,c59640d6-65e2-4892-83d8-968b28020d58,0f42e55c-e2f1-4ef6-959b-0e39485b881f,2026-06-19 14:55:34,2026-06-19 16:35:34
a3e0b369-9a95-4479-b2f0-521b557ece8f,c4ebc001-2afc-4f38-a0c1-c33083a939e5,618b0ae7-0fff-48fb-9370-a843df38b9c6,2026-06-19 14:56:51,2026-06-19 16:38:51
ed8f859f-09d2-4c7b-9c6e-448500ea1fdc,32552039-39a0-441d-9a2e-aaec1c3a78f3,9fd6178d-2e32-495f-b3aa-e2cb46aef3f6,2026-06-19 14:57:30,2026-06-19 17:22:30
8fb88af2-dfda-4ef3-a352-f643cac7ce6a,7e75c12f-36c6-4312-a3a5-65077df7094c,4fdb4c3e-d350-446e-b914-016b5168675d,2026-06-19 14:59:24,2026-06-19 16:48:24
bbb157fa-34b4-4738-96ee-fc8663475974,b6a632af-72e1-44cd-ba41-f1527869d793,a35c2cf1-67e9-494e-bbb2-3606ec946d9e,2026-06-19 14:59:44,2026-06-19 17:56:44
ab50b58b-0710-490e-b0fa-38a1fa44c474,bb52263e-3435-4480-a5da-87adbcba149d,604cc5c8-b374-4801-ad23-e6a8e117d809,2026-06-19 15:01:48,2026-06-19 15:13:48
d7392e3a-c16a-42ee-a3a3-284998c91d5e,15cc7738-bdd6-40de-8e00-ab7d5800847c,8c1c7130-727a-4ee2-99f4-710a13ac717a,2026-06-19 15:05:25,2026-06-19 15:42:25
83c6451a-99bc-4907-a67e-f8620288fa9a,daa156d4-e41b-4641-b271-0efeb59f4fe8,b9cebfec-6756-4c31-af63-82cd7e08ca88,2026-06-19 15:05:43,2026-06-19 17:14:43
15dc7461-8013-474c-9756-7f326cb5c174,17432660-8f16-4f2b-8c02-52f60135d5ee,f4069231-0d41-4175-853e-0ef898226d97,2026-06-19 15:06:39,2026-06-19 16:46:39
bb5f2f38-8cc3-408e-9b20-a04c67deb1c9,78630354-315d-4788-8880-32e64840dfe7,1876e0cb-1cae-42b9-9e47-a01e7d06bab2,2026-06-19 15:07:21,2026-06-19 16:21:21
9659e29d-8a1e-4d99-9de0-ec3f8e09e138,80c8195b-c79b-4d74-8ec2-97ceb32506b9,6bd5d031-e68b-47c0-8300-c43f0c2f35f7,2026-06-19 15:07:51,2026-06-19 16:55:51
480c40d9-f880-4719-ba8f-589cab53f93f,6a3db312-d7c9-485b-9076-cad870a49044,e9a7d752-9b25-4616-92b3-edb905512202,2026-06-19 15:11:04,2026-06-19 18:10:04
bc0eaefd-e7cd-495a-b8cf-8ba3d0a52e8b,913cff33-293f-434a-852f-2fe1dd1074ff,22a990f3-a58e-4b79-a832-f797a1f2489f,2026-06-19 15:11:24,2026-06-19 15:20:24
8d29088c-c038-4f87-8e61-37ceecaa78b0,398ddc69-76dd-455a-99e7-410fc412a799,252c4b16-8466-4b90-8f96-8f90afd0291f,2026-06-19 15:11:38,2026-06-19 16:29:38
3150f128-29d9-43fd-acae-102a172f9e95,3c92b719-a0fb-40f6-93da-a4efb05fed74,cfb82812-3cd3-47ac-aba4-f0ec54e7a3a0,2026-06-19 15:12:08,2026-06-19 15:49:08
89d20ea1-d39d-46c6-ba9d-5c85daa46629,001630ee-7f0c-4745-8ee6-7d131ec5c79e,3a5a455c-b0b4-41c9-94fe-b4efcc045e68,2026-06-19 15:12:42,2026-06-19 15:53:42
0fbf7def-1c30-4459-8f60-edfa0ae2c484,8f741ef5-ad61-4d9a-bb7a-cc0d0df0edba,3b8c4752-b3a3-420b-9c74-36921cf61c76,2026-06-19 15:16:20,2026-06-19 15:38:20
66bd0a4c-44a8-40c9-9742-032ad9179e28,5a059927-b21e-44b2-80a4-98e5e2553510,618b0ae7-0fff-48fb-9370-a843df38b9c6,2026-06-19 15:16:38,2026-06-19 17:29:38
c4694fb0-3421-4f18-abaa-dc83adf302d6,91ec0208-7678-4922-824e-27ed8cb427d4,16680d46-fc8a-4691-8b00-b09bc2004a19,2026-06-19 15:16:46,2026-06-19 15:55:46
5be9ed5b-bc79-4302-9fa5-2101a89c87e5,e7bf129d-35c1-44c2-8499-21a842c4a3d7,046b4c7f-6adc-4235-9e21-95ca0d5c3b3b,2026-06-19 15:17:28,2026-06-19 15:45:28
f93caedf-b14c-4576-b9b1-391ee2832e57,1d4991b6-16e4-413f-88d1-04e93481decc,95999ef1-3dee-413a-91d9-58f1c8b7d3dc,2026-06-19 15:18:37,2026-06-19 16:48:37
e9cfa5d7-ccd7-44f3-9267-c5cb20896fd2,9086e59c-3c01-4a67-b75b-421b7675c298,fe3011a0-c931-4512-aa21-3b4013c88951,2026-06-19 15:19:21,2026-06-19 17:44:21
bf1e04eb-c6d2-49e1-b210-4f0796335fb6,63358dce-c0e0-4b4c-aeb3-bbd2e08fa296,b9cebfec-6756-4c31-af63-82cd7e08ca88,2026-06-19 15:19:45,2026-06-19 17:13:45
93120613-f345-44e2-af2e-6d1b7e942f0b,35293907-8cf7-4140-be98-185e9c985ccb,95999ef1-3dee-413a-91d9-58f1c8b7d3dc,2026-06-19 15:19:54,2026-06-19 15:51:54
7386c27b-058f-40d7-8e49-c19aff97e73a,910affe6-44bb-4ba8-8bf2-95bf689c63a8,12322423-8605-4a4d-a56e-320798952caf,2026-06-19 15:20:10,2026-06-19 16:17:10
291439d6-f5d3-438a-a414-e99aac014ccc,cfcebde9-7eec-4112-8bc2-3e23a801045d,e9c9dfc1-58fd-4435-9a97-497d3d3caa5f,2026-06-19 15:21:17,2026-06-19 16:59:17
85455062-6d46-44de-b14f-d969623e17e4,8d3ef232-688a-4e52-9322-6fc8b8448ace,8592972f-fa8c-430f-b937-da5d53ec0f79,2026-06-19 15:22:00,2026-06-19 16:59:00
1a838fa8-2ad3-4194-a733-96dca008767d,8bf5413a-3d5a-4ce7-bb8b-d49dad124c18,06976bce-6513-48e4-9af3-08e5c05693cd,2026-06-19 15:23:07,2026-06-19 17:48:07
edc7b34a-1e1d-444f-8aa5-bf75fab43b77,dc6f7a45-4db3-4c03-b412-1a5ef7620d40,046b4c7f-6adc-4235-9e21-95ca0d5c3b3b,2026-06-19 15:24:55,2026-06-19 18:14:55
e8483b3c-0551-45e6-b6b0-6cff018ccec9,b9bde260-870d-4a6d-a1b1-4fe08bf077cf,cfb82812-3cd3-47ac-aba4-f0ec54e7a3a0,2026-06-19 15:26:51,2026-06-19 17:55:51
b0ed2658-48ad-4dbd-8de2-5d7c1bc46ed5,ba617306-085e-4a35-993b-38eadb6e2695,a95af4fd-cedb-4891-82b8-7a98a84d797d,2026-06-19 15:28:52,2026-06-19 18:17:52
76f9d075-64bb-41e6-8c1f-507f44048d9a,7c7bd179-7278-4b46-81c6-df1ff5589f11,e9a7d752-9b25-4616-92b3-edb905512202,2026-06-19 15:31:05,2026-06-19 17:35:05
9e4f0eee-d0dc-4589-9502-b620d14f8cc0,c909d4f9-e341-4195-9e29-0b2e184623d4,c53a6b3a-df85-4ade-9c4e-78a656ae0d51,2026-06-19 15:31:13,2026-06-19 16:09:13
b45b9ad8-7dcd-4b0e-815b-4b158a48fb3f,6757ac7c-b8ac-486b-a24a-6de6f632624c,a95af4fd-cedb-4891-82b8-7a98a84d797d,2026-06-19 15:31:21,2026-06-19 16:44:21
d1c8178b-943c-45a3-b874-8f7dbf6e1178,4eff7bf1-6a13-4a43-bd85-44502e5175d0,8592972f-fa8c-430f-b937-da5d53ec0f79,2026-06-19 15:32:10,2026-06-19 17:36:10
f6bb915a-b692-4544-850a-ea9fc2c9745d,21d0e45c-0bb2-4f31-a179-a835b41b9144,373c3697-78cf-4304-af76-ea5a452dad05,2026-06-19 15:35:17,2026-06-19 18:02:17
f1a645cd-9ce3-46a0-975f-501a4acb7dab,d20c4888-e276-4b42-8e00-76c1e74f8a86,a346bb1e-a7ff-4018-9c61-0eca86df0f61,2026-06-19 15:35:40,2026-06-19 17:54:40
577569ab-d86b-485c-8347-c0973f2d6f6e,4d52fa5b-d498-4d38-b55b-ae0a7ab6659c,618b0ae7-0fff-48fb-9370-a843df38b9c6,2026-06-19 15:37:11,2026-06-19 16:42:11
fc665dd7-9900-434b-9784-0bcb6a248c23,bb87fc34-f655-400e-b50f-ad08a0c23ad2,e9c9dfc1-58fd-4435-9a97-497d3d3caa5f,2026-06-19 15:37:52,2026-06-19 17:22:52
daece86a-7e91-4a4b-8302-23a027cf791e,34d8f9f9-309f-4cc0-ac97-6b88d2e67227,b9cebfec-6756-4c31-af63-82cd7e08ca88,2026-06-19 15:38:22,2026-06-19 18:13:22
037843c7-b36e-451f-98b9-9caacb8f2e4b,d42ae5ec-9996-40da-948f-975c63e52971,6108e19c-0b10-42b2-bc4a-a75f74a31b89,2026-06-19 15:38:39,2026-06-19 17:26:39
e2b7c5bf-61e5-4ed6-a58b-80ae3b6f1562,1bc7b5d9-489c-4b9c-a887-b3d2e4c0dfc6,12322423-8605-4a4d-a56e-320798952caf,2026-06-19 15:39:09,2026-06-19 16:21:09
eb9f01e4-8f00-4089-a1f8-9537e431a8ed,b6c54620-6182-415f-94a9-38994d853e15,373c3697-78cf-4304-af76-ea5a452dad05,2026-06-19 15:39:59,2026-06-19 15:56:59
279d0728-4ab9-4939-8c41-846c2cd00940,083d2208-70d7-4f35-8924-92e29c126b10,22a990f3-a58e-4b79-a832-f797a1f2489f,2026-06-19 15:41:04,2026-06-19 17:25:04
730093c1-7f52-4044-829d-2655e91410d9,e9a7a9bc-347c-424f-9e33-faabb8fa72eb,604cc5c8-b374-4801-ad23-e6a8e117d809,2026-06-19 15:41:22,2026-06-19 17:49:22
fb6dc5b8-31f3-4898-8cb7-a8ae97dfa413,ed548462-96ae-4068-890a-897b1ef2bc66,67465aa7-e829-469c-8151-d4d82a624b55,2026-06-19 15:41:35,2026-06-19 15:50:35
7b5f11bf-2f13-4cab-915d-2610c661edb9,23431060-a8ed-49ef-a319-4ba1d914677b,c1323a63-30c3-41c2-a010-6259c8ad8714,2026-06-19 15:41:59,2026-06-19 16:19:59
0ed0b6c4-a073-4e39-bfd6-a6420668a52c,71ae2c2b-9c8e-4071-a396-c67b27eeda4d,935e89a9-8b0c-4881-bacd-5eba3c421d14,2026-06-19 15:44:33,2026-06-19 16:53:33
0917b030-8efb-42d7-9d48-21be591756fa,364cefec-94f4-4e1b-9c32-a69de67fcde8,8e8dc62e-dec8-4a50-99cf-d96a02710343,2026-06-19 15:47:35,2026-06-19 16:56:35
2c352c03-f5bd-4472-a4ce-acb2f1103dc3,ffdde15b-c794-4718-bc31-81273f4a957a,c1323a63-30c3-41c2-a010-6259c8ad8714,2026-06-19 15:48:34,2026-06-19 18:01:34
c4ef0121-0709-4376-9ab5-b44e2e0f2715,299ac79a-4382-48c5-a7af-1b7163986dd8,39b3f684-9677-4ff0-bc81-276b045ab4aa,2026-06-19 15:49:12,2026-06-19 17:17:12
50cfacdc-e3ce-4162-afe8-403e5ce89c87,34ac592d-75c1-445f-9b7e-aa9bbd34f3fd,1efe8a03-0ff0-4d5c-aed3-1bdf1a07b889,2026-06-19 18:25:11,2026-06-19 19:12:11
73c9278e-5976-4121-a28d-38999df998fc,3fc81aed-4883-4699-85a4-81b0c85c19aa,9ab76931-aeeb-4afa-bd81-01968bc461c6,2026-06-19 18:25:16,2026-06-19 18:47:16
7706bd36-361d-44be-91f5-b4fa1c7d2f41,07b2f7b4-0c5d-4088-b2bc-2f75a6020986,1876e0cb-1cae-42b9-9e47-a01e7d06bab2,2026-06-19 18:25:43,2026-06-19 21:02:43
72ba80aa-23b9-4d3f-9b82-e11ce8eedb8e,2e42c296-2124-4b21-98c6-ab9756d1615c,55829a23-649b-4c07-8fac-48687f0dbbf1,2026-06-19 18:25:57,2026-06-19 20:55:57
dc58a170-06aa-4b8b-882b-cba31a4ae44b,2b26e395-d26a-4178-895c-2d3715f060dd,8a52dde1-0eb7-4cdf-a260-8946b5996f11,2026-06-19 18:26:18,2026-06-19 19:06:18
e918e06d-50aa-4fc3-8262-096fa4e1bf67,42a4efa6-317a-4587-8dad-4fc0119820e5,0f42e55c-e2f1-4ef6-959b-0e39485b881f,2026-06-19 18:26:53,2026-06-19 20:41:53
940761fe-a772-4c20-ac80-cf298b297e84,a495f321-4758-497c-97f6-661e7ae72650,55eda42c-ebef-41e1-a9a4-64e2a6eb6bc4,2026-06-19 18:27:32,2026-06-19 19:24:32
286a4a35-2e91-4a35-860f-ebaf3438937c,f3fd46bc-7279-4325-8716-77e0478044bc,f4069231-0d41-4175-853e-0ef898226d97,2026-06-19 18:27:39,2026-06-19 21:09:39
bbfc7f41-6fd6-4ddd-bc85-39150ed5b01d,8ba7f32d-06c2-4ead-906d-f0ff57b5452d,67465aa7-e829-469c-8151-d4d82a624b55,2026-06-19 18:28:53,2026-06-19 20:10:53
94f57a26-4fa8-45b7-8888-889d3d962d74,8f2c27ec-f597-4e93-92fa-584f50c73614,252c4b16-8466-4b90-8f96-8f90afd0291f,2026-06-19 18:29:21,2026-06-19 20:10:21
f20e8ad7-2edc-4a8c-8549-d31a13126a72,ed5a8cab-8de7-4d54-9e9f-7849f6849349,b9cebfec-6756-4c31-af63-82cd7e08ca88,2026-06-19 18:29:55,2026-06-19 20:23:55
e885db61-2b86-46dc-ad05-ff2c21b459e2,150e26c8-d1f8-4a5d-96d9-f5698de441df,a35c2cf1-67e9-494e-bbb2-3606ec946d9e,2026-06-19 18:30:32,2026-06-19 19:25:32
8c4fac18-4e01-48c5-8947-8f47a0959a6f,7d0a8b6b-cd33-47cb-9318-e27859c34ecd,1c92f5ed-55b7-4c90-8efa-2741a382d3e3,2026-06-19 18:31:54,2026-06-19 19:30:54
bba67ea2-eeb4-4003-a107-d5c7cb900669,2537aae1-1045-4a33-b51d-d8e5a09f4d48,c7aaa5f5-beb5-4c7d-b2de-2b8217c691ce,2026-06-19 18:32:46,2026-06-19 18:37:46
0ba94694-7985-4f0c-bbf8-773e3371fbc5,f3bdc776-58d9-44af-8e90-640fa53c67de,1876e0cb-1cae-42b9-9e47-a01e7d06bab2,2026-06-19 18:33:27,2026-06-19 19:50:27
51bfa6c6-b16e-49f8-b97e-e13840ebb15f,8e0e4f1b-40b8-4400-a57b-9ddb82a6709c,2ceca7b2-cf0d-4e98-81b8-104bab7143c9,2026-06-19 18:34:51,2026-06-19 20:41:51
c8a55222-4dc8-458e-94fb-1d7eab1b1e89,26571b1e-98da-400d-a309-e428d7010d22,b67bd8b7-c2ef-46f2-b752-0407b8ed5341,2026-06-19 18:35:18,2026-06-19 19:46:18
6f3bf397-3418-4874-9ba7-25cbec174298,ecba2309-d5f4-4de7-9341-a9122adec875,2ceca7b2-cf0d-4e98-81b8-104bab7143c9,2026-06-19 18:35:46,2026-06-19 21:02:46
925a4038-cc10-4648-9532-e5c2b54a8a9a,58c94de4-63a0-4f0c-bfc2-886e7d7d6bce,8061b56b-6e3e-4011-8e9e-620e4c777195,2026-06-19 18:38:33,2026-06-19 19:36:33
861afa18-4cf6-473f-8618-4f76c18b7b8f,5414b024-d8d6-46e7-9ce3-4a3c85f4d967,4fdb4c3e-d350-446e-b914-016b5168675d,2026-06-19 18:38:40,2026-06-19 18:53:40
86cb74fe-7e11-4bd7-b386-8714551e2164,287cc42d-3c03-455a-8ef5-2e08d2821c0a,c7aaa5f5-beb5-4c7d-b2de-2b8217c691ce,2026-06-19 18:39:15,2026-06-19 18:54:15
5faeb8ad-e34f-4d8b-aaf9-aef66078e2d2,f822d323-4b4b-4042-84a7-2572603106b8,061b5104-ae8b-4699-b5cf-5e040ea1b762,2026-06-19 18:39:33,2026-06-19 18:51:33
0d7456c2-bdb9-4f83-8923-effd68101398,a52a5522-6608-4dcb-bf19-6b265f25f7dd,2ceca7b2-cf0d-4e98-81b8-104bab7143c9,2026-06-19 18:39:39,2026-06-19 20:41:39
0b95c85d-8a6c-44d3-8cde-c06f211238c2,08e173fb-3382-4a2a-b976-b6994ea3d428,55eda42c-ebef-41e1-a9a4-64e2a6eb6bc4,2026-06-19 18:39:48,2026-06-19 18:59:48
c3b3119e-789c-46de-a920-f884082e8944,157dd896-f89a-4931-8f82-34137508d177,8a52dde1-0eb7-4cdf-a260-8946b5996f11,2026-06-19 18:39:54,2026-06-19 18:50:54
f94196d0-2d1e-4e8a-ac9e-223ad6549f25,0cf29416-270b-4fbf-87f7-eea49297c9f7,1f2504b1-a8c2-487d-b463-eb1d7a077e48,2026-06-19 18:40:08,2026-06-19 19:44:08
f8f1e1db-abab-474b-8fae-e6ed29ea390d,49d39bd4-2d25-4949-8fd9-8408fa34b593,0ce42ca3-c85d-4327-b49d-0e8adb74d2c9,2026-06-19 18:40:29,2026-06-19 20:03:29
7634ce2b-c4bd-4a46-9e04-82069e5175a4,89c4c775-fbd8-46f9-9b51-e9d634a52661,0f42e55c-e2f1-4ef6-959b-0e39485b881f,2026-06-19 18:40:49,2026-06-19 21:02:49
e5f07adb-8deb-44e6-8f35-4f9eff9548a6,fc618f4a-65e3-48b7-ad05-984db8ef1ff1,061b5104-ae8b-4699-b5cf-5e040ea1b762,2026-06-19 18:41:36,2026-06-19 21:26:36
9ddb2f84-58b9-4c01-b0cc-8c22beff341c,be3c5400-ebb2-48db-a623-63d2e659a164,09cdf1f0-7630-488c-bfb3-caca63923097,2026-06-19 18:42:17,2026-06-19 19:56:17
df673361-bbd6-4a8d-9518-4de9d088d222,1e29c1e0-f5ac-4d35-8e74-52d4af4da8cf,1876e0cb-1cae-42b9-9e47-a01e7d06bab2,2026-06-19 18:44:42,2026-06-19 19:08:42
311f56cc-898d-4054-8db9-fed2d54d8060,7ace9c03-9a0b-4d5e-9cab-e5a1c9b143db,8a52dde1-0eb7-4cdf-a260-8946b5996f11,2026-06-19 18:45:20,2026-06-19 20:21:20
0d28b376-8f0d-4f7b-8c01-8e4a8cfa0104,209c5ebf-eb68-448c-b6a0-10926b75b0d3,1efe8a03-0ff0-4d5c-aed3-1bdf1a07b889,2026-06-19 18:45:33,2026-06-19 21:23:33
73b0cd69-d70e-4dac-a570-79a2f7c2c39b,e2e87705-05eb-4d06-9fde-ad15750a791c,16680d46-fc8a-4691-8b00-b09bc2004a19,2026-06-19 18:46:12,2026-06-19 21:01:12
3ec00e0c-bb77-48c6-9297-1c5f1db596df,657f3722-b0d0-4026-b06e-a02e31b8d1b3,a9df166f-15a5-405e-8af7-472cba5d2aea,2026-06-19 18:47:57,2026-06-19 20:28:57
3d4daed3-5dbf-42e7-8253-4ea454a0c854,eeaae77b-721e-445f-8dcb-46700a7c9a2b,38be73d8-5ac3-452f-9590-060525df25af,2026-06-19 18:48:17,2026-06-19 20:45:17
752379c0-4098-4acd-b2ef-a2dd8a43db1d,03755fa8-c155-4504-91be-1152b0e365d2,4fdb4c3e-d350-446e-b914-016b5168675d,2026-06-19 18:48:29,2026-06-19 19:07:29
03fbd5ac-ca05-4390-af33-c8ca9c73fa23,040044e8-a179-4f12-b094-c55e149f7a43,e9a7d752-9b25-4616-92b3-edb905512202,2026-06-19 18:49:58,2026-06-19 19:26:58
cd6d8aa1-d885-4279-92b7-934b8d00773b,1d46618b-06ae-4460-a5c0-c69972220cf6,09cdf1f0-7630-488c-bfb3-caca63923097,2026-06-19 18:50:10,2026-06-19 20:41:10
4496e2ec-eb4d-4397-b3fb-4a0ca645d62d,8e13a186-cd8a-44ef-a955-ec7c4106f5b0,935e89a9-8b0c-4881-bacd-5eba3c421d14,2026-06-19 18:51:23,2026-06-19 20:39:23
3b91c252-97f5-478f-84fa-818263f69685,85c83ba1-a4b9-49c4-b560-9186b8e27ab9,f4069231-0d41-4175-853e-0ef898226d97,2026-06-19 18:51:43,2026-06-19 21:51:43
2dd1bcdf-bd7d-4cca-8b68-7bba55ae292e,f90a873f-8e07-4f3c-83da-63aa284dc214,bac6d5f1-3c7d-4a24-b9f7-a361d17def20,2026-06-19 18:52:05,2026-06-19 19:40:05
df179d67-ff83-44fd-b90b-3ca203e815be,aa90c5c5-7867-45b9-8e26-3b3ecf39b4fa,22a990f3-a58e-4b79-a832-f797a1f2489f,2026-06-19 18:52:30,2026-06-19 18:59:30
fed8fb74-497d-45a0-9d7d-cb80ea80fbad,61b4ed11-e45c-48dc-8049-f905dec724e2,7a9d5fb0-a416-4f2e-af89-c7b367d8ff11,2026-06-19 18:53:19,2026-06-19 20:33:19
e2dac31d-c92d-4347-af16-73ac1341e26d,fe5af5b0-b608-4420-9cac-7a532b5ca318,891bc6b6-cdb7-4d63-b086-81a126bb775a,2026-06-19 18:54:18,2026-06-19 19:09:18
3363f02b-e3f9-4e4e-a744-68792bd42157,0f09cd5e-0ced-43ca-ab3e-76a016aa58e4,a9df166f-15a5-405e-8af7-472cba5d2aea,2026-06-19 18:54:54,2026-06-19 21:03:54
6589419e-46b1-41f9-8951-ccb7d0d66c78,4b6ae484-655d-4980-b65b-8959806826bf,fe3011a0-c931-4512-aa21-3b4013c88951,2026-06-19 18:55:23,2026-06-19 20:14:23
8b0a187e-2089-4fed-9174-08127a176da8,8882ba43-90ff-4cf3-8438-b3d878590379,252c4b16-8466-4b90-8f96-8f90afd0291f,2026-06-19 18:56:07,2026-06-19 19:09:07
8bef568b-2dcd-43e7-9e85-7d5ac0956f35,424ba87c-887d-4ead-b180-0512907e600f,f4069231-0d41-4175-853e-0ef898226d97,2026-06-19 18:57:26,2026-06-19 20:39:26
63a72287-1034-4856-bd8f-8b396678ccf8,cb6e0ef8-e7c1-4db2-a885-fbe4a43a4a11,b77e12ac-c966-4c38-8d0c-b7afef27f6db,2026-06-19 18:57:46,2026-06-19 19:23:46
45b57b98-6b1c-4f58-a141-4a1eadfd7c30,312762dc-d80b-49f7-b27e-e2d46c0fdd79,38be73d8-5ac3-452f-9590-060525df25af,2026-06-19 18:58:17,2026-06-19 19:49:17
c65c1480-d171-4204-815f-633f624eb4e4,c47eb8fe-360f-4c5f-8176-72549ca76999,bb309fa2-47fc-4d74-b2e2-6b6c986fbd34,2026-06-19 18:59:33,2026-06-19 21:31:33
ad832f5b-f12b-42ba-bb53-99b83f4c4d05,cc61103f-5dd3-486d-89d6-1bdeb37c14cd,12322423-8605-4a4d-a56e-320798952caf,2026-06-19 19:00:23,2026-06-19 19:25:23
37faa330-e6b3-40f5-b198-a588f69fd8a5,11ff7cca-b0a3-4648-9c00-9fbfca021fe8,a9df166f-15a5-405e-8af7-472cba5d2aea,2026-06-19 19:01:56,2026-06-19 20:50:56
0ec1305f-cccb-46ef-9b25-32c80d825644,4beb853f-e805-4649-9daa-cd272cb26cdd,8592972f-fa8c-430f-b937-da5d53ec0f79,2026-06-19 19:03:57,2026-06-19 20:23:57
ec6836bf-47c1-4f47-9247-2aa338f1bc17,400617ba-2b98-45ca-931c-04d7271d7624,1876e0cb-1cae-42b9-9e47-a01e7d06bab2,2026-06-19 19:05:04,2026-06-19 20:04:04
13680368-b3c4-4409-93e2-9dcec0b22811,e1cdd6c1-d0e3-489c-bd95-264930d7e744,8592972f-fa8c-430f-b937-da5d53ec0f79,2026-06-19 19:05:16,2026-06-19 21:48:16
8fdb2247-df33-4b68-a6ca-f17c525bf8c0,036d7400-99d6-4684-8087-85a9c30faf55,9b11cdc8-911e-4fe1-861b-87ff4d9c2093,2026-06-19 19:06:06,2026-06-19 19:57:06
c733de83-785f-45f2-88b6-d15079580c15,e2d80519-7cca-41c2-9ac7-7caf527e8d10,39b3f684-9677-4ff0-bc81-276b045ab4aa,2026-06-19 19:06:38,2026-06-19 21:02:38
88eadc10-9dd6-49f5-9f67-9fcafcaf2f9e,f5276ca8-cbdf-4633-87c9-1ee97ae0cb43,8e8dc62e-dec8-4a50-99cf-d96a02710343,2026-06-19 19:06:51,2026-06-19 21:07:51
d249cd60-bb32-49f3-8f42-d8c1bdd30c12,f4dea985-32d9-42d5-baea-3f9100681bb3,0f42e55c-e2f1-4ef6-959b-0e39485b881f,2026-06-19 19:07:06,2026-06-19 21:36:06
be90d6eb-dca7-406e-8c47-4c0044f4a574,561bc2a2-c69a-40c9-a0b4-f25a828b4070,91f76402-014a-41d8-baee-d588af33b23a,2026-06-19 19:07:46,2026-06-19 19:52:46
2d82acb5-6b1a-46ce-a538-a31c7b31861d,ac552336-400b-4cd5-87b5-631f2e203ec0,8c1c7130-727a-4ee2-99f4-710a13ac717a,2026-06-19 19:09:09,2026-06-19 20:50:09
ef61fc7b-ae76-4dd0-8213-58066b2786d7,96e4c550-a097-4fec-b29c-f68dc17efb17,1c92f5ed-55b7-4c90-8efa-2741a382d3e3,2026-06-19 19:09:29,2026-06-19 19:21:29
185d0209-2cbc-4098-94df-6e6c9749c397,86cb58fa-bbf0-4ccc-8a64-80fbe42cd579,95999ef1-3dee-413a-91d9-58f1c8b7d3dc,2026-06-19 19:10:06,2026-06-19 20:10:06
4b40e9a2-6681-4177-b1e3-9f5ea8d1a9d7,29a199db-eecb-4fdb-8642-87e1e24b4422,39b3f684-9677-4ff0-bc81-276b045ab4aa,2026-06-19 19:10:29,2026-06-19 21:51:29
f781f2af-bd07-47ce-b730-ef452e359893,5f91ec67-fe82-4a16-af28-39aa9203d46d,1876e0cb-1cae-42b9-9e47-a01e7d06bab2,2026-06-19 19:10:36,2026-06-19 21:53:36
ab16e710-9df3-4ec2-8824-4ff8ce134fa2,43d9fa89-b044-4f53-8a06-20f016c6c66f,95999ef1-3dee-413a-91d9-58f1c8b7d3dc,2026-06-19 19:12:42,2026-06-19 20:27:42
686812a1-db6e-415f-a0d0-6d85e39f5455,fe1ec540-e0c5-4af5-86e7-8b7f869ca09d,55eda42c-ebef-41e1-a9a4-64e2a6eb6bc4,2026-06-19 19:13:09,2026-06-19 21:35:09
f161803e-ce4e-416e-ac25-ec2f2c8c78eb,edd99c08-9801-4ff9-bcf7-512af73aa508,9ab76931-aeeb-4afa-bd81-01968bc461c6,2026-06-19 19:13:21,2026-06-19 21:30:21
dcfa56df-f796-4312-a4fe-9a1312ca1080,1f60eeaa-603f-4ce6-8886-a334622a3f58,91f76402-014a-41d8-baee-d588af33b23a,2026-06-19 19:13:47,2026-06-19 21:39:47
5635fe36-f1ae-4907-8060-538dff9a0ff4,644b49b5-6227-4281-a790-fbd4ee4657f3,c53a6b3a-df85-4ade-9c4e-78a656ae0d51,2026-06-19 19:14:22,2026-06-19 20:08:22
e6d39d75-34b3-436c-965e-ef71481b0cb7,e8ba8615-d708-43f6-801d-716738e1ea09,f4069231-0d41-4175-853e-0ef898226d97,2026-06-19 19:15:02,2026-06-19 20:12:02
8f7f83e9-5d4f-4edd-8e83-89bc15ebc23b,e80d0f68-a94a-4195-86c4-f1c7cab0fe46,4fdb4c3e-d350-446e-b914-016b5168675d,2026-06-19 19:15:36,2026-06-19 20:54:36
25cbe277-ef46-4c4b-b236-075e3282f560,4babb452-69df-48a8-80be-4068e678bbff,b77e12ac-c966-4c38-8d0c-b7afef27f6db,2026-06-19 19:15:44,2026-06-19 20:54:44
8a47a960-3db8-408b-8a13-010c9abeb2d9,b4e7b0ef-32a8-4352-9292-f8d640330403,55829a23-649b-4c07-8fac-48687f0dbbf1,2026-06-19 19:16:20,2026-06-19 20:32:20
4cccf5b0-de53-4875-ae73-1cc2efd7e1d5,aa0e9325-e6f3-412e-9f4d-70810c190750,1f2504b1-a8c2-487d-b463-eb1d7a077e48,2026-06-19 19:16:45,2026-06-19 21:14:45
9a971144-7583-4de1-b026-fbb214e451fb,b5d3bb65-cae1-4531-bb12-4328f0daae86,6108e19c-0b10-42b2-bc4a-a75f74a31b89,2026-06-19 19:17:10,2026-06-19 19:44:10
719a6cc0-8a75-4943-b9e7-723cdc0fa538,42a45a92-f602-4028-be99-24c434bf2f42,8e8dc62e-dec8-4a50-99cf-d96a02710343,2026-06-19 19:18:17,2026-06-19 20:28:17
cce405ce-f41a-4ccd-8263-d16e469bcde3,83ad4d53-6d44-459a-840c-a090cc0ab196,8c1c7130-727a-4ee2-99f4-710a13ac717a,2026-06-19 19:19:05,2026-06-19 21:07:05
776e5261-88be-4c6c-afc1-08ebe80e1773,b0d8507d-c959-45c7-b1ae-3a5478912f7a,4fdb4c3e-d350-446e-b914-016b5168675d,2026-06-19 19:19:44,2026-06-19 21:12:44
8da05a95-e100-491f-b48f-fac9c225e678,a2f5d191-1954-42bc-ba40-544caed3575b,67465aa7-e829-469c-8151-d4d82a624b55,2026-06-19 19:20:33,2026-06-19 21:10:33
714459d0-c8d2-4417-a98d-54eb7a90d846,a1850cd3-c333-4870-b03e-27215483fd2d,fe3011a0-c931-4512-aa21-3b4013c88951,2026-06-19 19:21:19,2026-06-19 19:42:19
a9cf6a5f-177c-408d-99ab-1902deca9eb6,e183cb20-bc5c-476b-a728-5d7dbf391fbf,09cdf1f0-7630-488c-bfb3-caca63923097,2026-06-19 19:21:39,2026-06-19 20:53:39
5b45c7f3-2a67-489c-b865-5074c6ea7618,0c99e4eb-270c-4b81-9b2f-c3870f433059,8c1c7130-727a-4ee2-99f4-710a13ac717a,2026-06-19 19:22:08,2026-06-19 21:06:08
a2c3bf90-9f54-4623-9d69-1a80606e4544,d897332f-15ca-4385-b30e-e3c90bb847ca,67465aa7-e829-469c-8151-d4d82a624b55,2026-06-19 19:22:21,2026-06-19 21:49:21
d87f4e93-70af-41e2-88cf-bf08b099bae0,91f07ad6-559b-4c55-a304-02ff18018fea,8592972f-fa8c-430f-b937-da5d53ec0f79,2026-06-19 19:22:28,2026-06-19 21:24:28
0d270b6b-9ae9-4e47-9e55-8362438b4fca,2de814e8-17b4-4de2-87e3-c547c620bbe1,fe3011a0-c931-4512-aa21-3b4013c88951,2026-06-19 19:23:19,2026-06-19 21:46:19
075d2d6e-4ab5-4430-baa8-a89bffe122d7,a4d5f669-a927-4f27-a14f-6d21a30137ba,6746fcd9-3095-4b62-aa03-12fecb4a285f,2026-06-19 19:23:53,2026-06-19 21:58:53
7b5a1003-297a-433b-9613-3aae769f81b3,1293f13a-97aa-49d1-9a17-f9ed2f47da47,373c3697-78cf-4304-af76-ea5a452dad05,2026-06-19 19:26:14,2026-06-19 20:04:14
df9914a2-4ac2-48bc-a135-7fdcb0d36e8f,2ae45bcb-3b9c-492f-b505-0799857558df,c53a6b3a-df85-4ade-9c4e-78a656ae0d51,2026-06-19 19:26:43,2026-06-19 21:35:43
e1e4eed8-bfb6-4b37-b2f8-2257eb816236,428c1cd4-bf3d-415d-850f-32c74d6637f9,891bc6b6-cdb7-4d63-b086-81a126bb775a,2026-06-19 19:26:50,2026-06-19 19:46:50
2bfcd942-b9d3-480e-9116-f17492c42d86,eb5de418-837e-4899-974b-050d0b866c3e,a35c2cf1-67e9-494e-bbb2-3606ec946d9e,2026-06-19 19:27:16,2026-06-19 22:23:16
6e9f6eb0-e207-4108-9faf-630b9d0875b1,67c6d781-6915-41ba-bed2-54df922bf230,935e89a9-8b0c-4881-bacd-5eba3c421d14,2026-06-19 19:27:22,2026-06-19 21:11:22
5d5f44dc-27eb-46fc-93d9-6cf393c757a1,8f87de09-deb1-40b5-bbab-b7b5f99fbcbf,6bd5d031-e68b-47c0-8300-c43f0c2f35f7,2026-06-19 19:28:30,2026-06-19 22:06:30
b7bb91aa-d65b-453d-80f7-619c101f344b,c277140a-ff03-4960-9a3c-69fd150ecb77,618b0ae7-0fff-48fb-9370-a843df38b9c6,2026-06-19 19:29:30,2026-06-19 21:11:30
13fba7b8-86e7-43d5-8105-49fcf24008cb,1f1931b2-1253-42a9-bb74-9a15a702fde0,25e54e8f-c21a-44aa-ba25-ba90dd594590,2026-06-19 19:30:29,2026-06-19 21:15:29
54164a98-cb33-4730-b805-ede3502c7077,d346aa73-7200-41ed-b2ef-e44e02823aab,fe3011a0-c931-4512-aa21-3b4013c88951,2026-06-19 19:30:50,2026-06-19 22:14:50
82a03aac-1e89-4445-8b44-3b7f1653ab30,4628424f-3620-489e-9c7b-c7d6dcfe4ddb,6108e19c-0b10-42b2-bc4a-a75f74a31b89,2026-06-19 19:31:23,2026-06-19 20:59:23
db67d935-91bc-482f-9b72-c10fe6335d2a,a049c6c3-0411-4205-abd6-754e72d99329,0ce42ca3-c85d-4327-b49d-0e8adb74d2c9,2026-06-19 19:32:10,2026-06-19 21:07:10
7b4b7760-3ba2-4308-92a5-6ea02ec612b0,c8acd639-d6bd-4d1e-8139-92560d5f09b6,0ce42ca3-c85d-4327-b49d-0e8adb74d2c9,2026-06-19 19:32:54,2026-06-19 21:11:54
cf1d1041-5264-408b-9911-6117385d360b,4fa27762-a6f2-4f2c-840b-8f26053db4b0,06976bce-6513-48e4-9af3-08e5c05693cd,2026-06-19 19:34:43,2026-06-19 22:25:43
3717a89a-9a97-4324-93d2-0a495ad9ac09,8e0637a6-f334-4263-ae47-1e0afea24ef1,b9cebfec-6756-4c31-af63-82cd7e08ca88,2026-06-19 19:35:07,2026-06-19 20:07:07
8db2df5e-3834-46b6-be75-c3b043d319bc,cb4cce86-7d43-4d71-a0d7-bfc7f268554e,a35c2cf1-67e9-494e-bbb2-3606ec946d9e,2026-06-19 19:35:19,2026-06-19 20:14:19
d4779a8a-1954-4a63-bac2-edc2d3f73f56,1aa31990-1321-4488-84ea-ababacb43281,618b0ae7-0fff-48fb-9370-a843df38b9c6,2026-06-19 19:36:04,2026-06-19 22:33:04
3c16e276-9561-46e8-8849-b0a498403ca2,3c62ce22-b71f-416a-85ae-e12dda0e8004,8e8dc62e-dec8-4a50-99cf-d96a02710343,2026-06-19 19:36:17,2026-06-19 21:35:17
e2edbc9e-0ae9-49bf-a9ec-dad10bb06687,7493668b-8fb5-47ac-9d7f-e33a03fd7e07,373c3697-78cf-4304-af76-ea5a452dad05,2026-06-19 19:36:50,2026-06-19 21:03:50
8497f441-693c-4f68-b40b-91b4da2ca46c,0c1df291-d0ac-4494-aa31-363221258f7d,16680d46-fc8a-4691-8b00-b09bc2004a19,2026-06-19 19:37:11,2026-06-19 19:45:11
61608a9e-57a3-4038-86cd-34726103a2ea,1effef89-f43b-46e6-a188-cd87b23efba5,a1b14426-054b-47a9-bd5c-a247a9851925,2026-06-19 19:37:29,2026-06-19 21:53:29
3b43721e-79ed-415d-ac91-78349e02b1bd,49ed4151-e526-4425-aff2-161dcbaac5b0,8a52dde1-0eb7-4cdf-a260-8946b5996f11,2026-06-19 19:38:56,2026-06-19 19:49:56
dc4ae232-fe7f-48c0-af24-33d2f8754f89,1ef9545b-1487-4dbe-af1e-c3b03b988800,6bd5d031-e68b-47c0-8300-c43f0c2f35f7,2026-06-19 19:39:30,2026-06-19 20:55:30
f410ec1b-9f3e-47ed-b8f9-6abbe01ed6d1,04961b2e-084d-416f-b3a3-fe7ff9741212,891bc6b6-cdb7-4d63-b086-81a126bb775a,2026-06-19 19:39:42,2026-06-19 21:42:42
3c58f4b3-ea17-4d6d-8b74-f531f42964eb,a69200f3-93e8-4d7b-834f-afc6f598447e,6746fcd9-3095-4b62-aa03-12fecb4a285f,2026-06-19 19:40:52,2026-06-19 21:18:52
82d6c258-ffd8-4b0b-be29-f41a8998d355,4364e278-3bb9-445b-a7ef-eb003e5f3e06,6746fcd9-3095-4b62-aa03-12fecb4a285f,2026-06-19 19:41:44,2026-06-19 20:56:44
7c24d3a1-3775-4987-a337-ee3a26d1acd7,0a176e0b-392f-4bb4-90d9-fe3daea8cd9e,6108e19c-0b10-42b2-bc4a-a75f74a31b89,2026-06-19 19:41:57,2026-06-19 20:50:57
5a4abb56-b145-4ab2-9893-48cb2adcd8b7,de82c365-1d62-49a5-a0ec-fd9b2d3f6ba9,c7aaa5f5-beb5-4c7d-b2de-2b8217c691ce,2026-06-19 19:42:17,2026-06-19 20:53:17
5abdd6c8-6290-489e-acd6-9aa67d9ef658,d537398c-dad3-4c51-b2cb-c67f44fc6b3a,2ceca7b2-cf0d-4e98-81b8-104bab7143c9,2026-06-19 19:43:10,2026-06-19 22:14:10
57b876a1-da16-4218-8fd9-54f784829bbd,c622c120-6b82-4429-85e9-cf0fe6beeda6,c7aaa5f5-beb5-4c7d-b2de-2b8217c691ce,2026-06-19 19:43:16,2026-06-19 20:35:16
b1051fb2-22f8-4d68-8ee5-50d1d37ae77f,fd0a4578-c27f-4ab7-afac-c95f28f24a0d,39b3f684-9677-4ff0-bc81-276b045ab4aa,2026-06-19 19:43:48,2026-06-19 20:20:48
058900db-8a53-4f36-8564-e24a85c8953a,8152d76e-cc1d-4765-aedc-c9fc0e3c4b22,bb309fa2-47fc-4d74-b2e2-6b6c986fbd34,2026-06-19 19:45:01,2026-06-19 20:14:01
7767b6de-6b5a-4a67-a404-c58e25674ce1,aa5daebf-0e74-4e0e-819f-cbf5d47462f8,0f42e55c-e2f1-4ef6-959b-0e39485b881f,2026-06-19 19:45:40,2026-06-19 21:47:40
42efcf21-f196-470c-897f-7a85441b769f,e9498aa9-e8ac-4a33-910c-b472293c9766,fe3011a0-c931-4512-aa21-3b4013c88951,2026-06-19 19:46:58,2026-06-19 19:53:58
23fa5c09-2e3e-44f3-8070-38e757eb9f9f,dbb778a1-7d0c-4c27-9276-87d32b16b71a,061b5104-ae8b-4699-b5cf-5e040ea1b762,2026-06-19 19:47:59,2026-06-19 22:07:59
6b69ba41-ffe2-4c44-aa85-a2820683e0da,2ce09630-731d-4f58-b920-6024999e62b9,061b5104-ae8b-4699-b5cf-5e040ea1b762,2026-06-19 19:49:44,2026-06-19 21:14:44
2874ecbc-b75b-459d-a439-028dbe0e2e60,cd139170-b3b6-40e6-b96b-b5535d89de83,252c4b16-8466-4b90-8f96-8f90afd0291f,2026-06-19 19:49:50,2026-06-19 21:17:50
73908d01-f3a7-4c32-bec4-7126852563a7,8938b134-50e6-45d4-92f1-0f046657421e,9f7f4ca0-5afb-45d7-be70-b6d8d99b98ac,2026-06-19 19:50:31,2026-06-19 22:17:31
213df456-26b9-4385-8ced-b68a4c2b9875,20e19e10-d5b5-42ac-91f7-2711466a7d1e,618b0ae7-0fff-48fb-9370-a843df38b9c6,2026-06-19 19:51:09,2026-06-19 22:29:09
89b15ebd-aaad-426a-9351-da80f36afae0,db7af3b1-e330-42f8-8266-637bd8183f85,1c92f5ed-55b7-4c90-8efa-2741a382d3e3,2026-06-19 19:51:29,2026-06-19 21:31:29
639a5c49-f933-4e14-8c35-035174361ee7,ac0514a4-0ba0-4e01-86e9-5d9bdb12e561,12322423-8605-4a4d-a56e-320798952caf,2026-06-19 19:51:43,2026-06-19 21:25:43
fc41cbc5-83f2-458a-a4f0-410dcf10c0f7,0ba94c66-38b8-4b3e-b13c-0e987c0bd6f4,c7aaa5f5-beb5-4c7d-b2de-2b8217c691ce,2026-06-19 19:53:06,2026-06-19 20:41:06
dd44734c-6c53-4752-a6d6-4b30af0cf4a5,35262c95-93b8-429f-bbf5-98286980ce40,3b8c4752-b3a3-420b-9c74-36921cf61c76,2026-06-19 19:53:32,2026-06-19 22:36:32
85d099bf-41ed-415c-bb11-1883a7671a53,6d4dd88e-cf01-466f-990c-0fa692c3d6a3,09cdf1f0-7630-488c-bfb3-caca63923097,2026-06-19 19:54:57,2026-06-19 20:10:57
0d23661f-28db-40d3-91bd-cf55b25ff872,26b21420-500c-48ed-9291-6c2c6ca0ccf6,b67bd8b7-c2ef-46f2-b752-0407b8ed5341,2026-06-19 19:55:23,2026-06-19 20:12:23
f68808be-90fc-44b2-a994-6947b63294bf,5e135ec5-8fa9-45a2-808a-e7d04c709cb8,c7aaa5f5-beb5-4c7d-b2de-2b8217c691ce,2026-06-19 19:55:52,2026-06-19 22:33:52
25cd1b84-9e1b-472e-b7a9-f3f97f40f6a4,fdb77f8b-415e-4021-98ed-fa600ee011cd,09cdf1f0-7630-488c-bfb3-caca63923097,2026-06-19 19:56:16,2026-06-19 21:13:16
9006ce95-ae05-42c9-916b-9ee4e7ad033f,1a3bcb4c-ed1d-43c9-9d54-cef0e809a3dc,22a990f3-a58e-4b79-a832-f797a1f2489f,2026-06-19 19:56:23,2026-06-19 22:41:23
9114845e-9577-4d9d-958d-3fe122d72ac4,91376b8a-429c-4c5c-b31d-e74fe9478c18,cfb82812-3cd3-47ac-aba4-f0ec54e7a3a0,2026-06-19 19:57:25,2026-06-19 21:33:25
8b7a5781-7c3f-405d-b235-8c23c8b1bd9a,bae45fc8-c667-4208-b702-66698d9d42dc,3a5a455c-b0b4-41c9-94fe-b4efcc045e68,2026-06-19 19:58:58,2026-06-19 22:21:58
34639016-1d55-45d1-ba52-68f65da89d76,4de77559-a903-4f08-b680-e5db38aada4b,fe3011a0-c931-4512-aa21-3b4013c88951,2026-06-19 19:59:06,2026-06-19 22:19:06
b98cbf79-5094-4295-9d86-aec1ce5ebd03,cfa8bb9a-ca3e-4196-bd66-23e560f1dceb,22a990f3-a58e-4b79-a832-f797a1f2489f,2026-06-19 19:59:56,2026-06-19 20:37:56
e0df5792-d47b-4547-bdcc-12da4d1d6579,3c035170-c86e-4490-89c9-b2de9726d5aa,618b0ae7-0fff-48fb-9370-a843df38b9c6,2026-06-19 20:02:08,2026-06-19 22:22:08
ff00a253-3f22-4b01-ba20-2896cc493e64,06545691-93e2-4bae-8d6c-198a07c6e3ca,25e54e8f-c21a-44aa-ba25-ba90dd594590,2026-06-19 20:02:14,2026-06-19 21:20:14
c95837c0-c1e9-4608-8b2e-3835528bc864,13ef6d43-7455-431b-99e2-64940fe2532f,9f7f4ca0-5afb-45d7-be70-b6d8d99b98ac,2026-06-19 20:03:29,2026-06-19 21:31:29
630acabf-7131-4840-95bc-be56b9884352,9947279d-a74e-4b18-b610-b32537f37ff0,25e54e8f-c21a-44aa-ba25-ba90dd594590,2026-06-19 20:03:36,2026-06-19 21:04:36
5e0f48d9-de59-47b2-9ef1-c175e28dce48,925873ea-bdd4-4cb5-97b6-231f4bee9c97,8592972f-fa8c-430f-b937-da5d53ec0f79,2026-06-19 20:03:59,2026-06-19 21:45:59
20394f1b-515a-48e8-8306-6a0bc74e11d1,8fd30001-3c7f-4a65-a9d0-cc9a575a2857,6bd5d031-e68b-47c0-8300-c43f0c2f35f7,2026-06-19 20:04:34,2026-06-19 22:02:34
20cd1177-df1f-4723-ab8c-f8ae857add03,65ce812c-2f01-470d-ac93-6e0cba87f46b,3f78906d-8830-4afd-9569-6682c625741e,2026-06-19 20:04:47,2026-06-19 20:10:47
307bff5d-7794-4b68-8027-67e510eae96e,bca6f136-bc07-4da3-9761-0e58ca813462,3b8c4752-b3a3-420b-9c74-36921cf61c76,2026-06-19 20:05:35,2026-06-19 20:30:35
f299ab94-a211-4d6b-ae58-016d6661898d,90718cba-2c99-4894-aff4-f92c648b8423,39b3f684-9677-4ff0-bc81-276b045ab4aa,2026-06-19 20:05:54,2026-06-19 22:37:54
228a5cf9-d42d-4efe-b05e-d02dea6014db,558d0d53-c1d8-41a3-93d2-28abd1c36655,046b4c7f-6adc-4235-9e21-95ca0d5c3b3b,2026-06-19 20:06:01,2026-06-19 20:12:01
5cd9b22b-2487-4c32-86e2-76b5046e27a4,8ae7119b-5af2-4793-9eec-b50da94fde41,c53a6b3a-df85-4ade-9c4e-78a656ae0d51,2026-06-19 20:06:24,2026-06-19 20:51:24
b18fc2e2-4b43-41fd-9d51-8dd657c6854b,eb9cfb36-c49e-49ff-9591-ae3fcaa87def,95999ef1-3dee-413a-91d9-58f1c8b7d3dc,2026-06-19 20:06:38,2026-06-19 22:34:38
265fb230-9986-4c22-96ab-649067e4ba94,2757e1ae-f146-4322-afce-db7de9164de9,604cc5c8-b374-4801-ad23-e6a8e117d809,2026-06-19 20:06:58,2026-06-19 22:57:58
a2191b2f-5903-475a-9692-87e566099851,4053d27d-ed7c-4aee-8b4f-7259dbfcaef0,1876e0cb-1cae-42b9-9e47-a01e7d06bab2,2026-06-19 20:07:27,2026-06-19 22:37:27
fb493d96-3a62-441e-b042-f4a553f88b6d,d1df6418-534d-43c3-9414-29ed5e40c880,39b3f684-9677-4ff0-bc81-276b045ab4aa,2026-06-19 20:07:34,2026-06-19 22:09:34
f27aef4d-30de-4d1b-8c72-d89a2b81e84d,df653c34-95c1-408b-9c09-10f6c0f55815,8e8dc62e-dec8-4a50-99cf-d96a02710343,2026-06-19 20:07:43,2026-06-19 21:35:43
e63dae87-ea2c-44a6-89cf-be2cc72ca8f0,c1307d00-e9bc-45fa-8823-a152b03ecdec,55eda42c-ebef-41e1-a9a4-64e2a6eb6bc4,2026-06-19 20:07:50,2026-06-19 22:30:50
278c3521-84bc-40d2-ab35-ff71e0944922,d799bba0-1807-41c1-a13e-e27c09de92b6,9fd6178d-2e32-495f-b3aa-e2cb46aef3f6,2026-06-19 20:09:00,2026-06-19 21:53:00
f0a85ef3-c510-4174-9518-5d6cca41c527,7e196714-5be6-4262-b902-e63eb71bebec,15e64048-bd2a-4d52-9731-03ac4cc1d095,2026-06-19 22:57:16,2026-06-19 23:35:16
a2da56fe-2d96-4b94-8bef-38bb745bf9dc,1648f7bd-a28d-4926-b871-166f1091a84c,38be73d8-5ac3-452f-9590-060525df25af,2026-06-19 22:57:32,2026-06-19 23:48:32
c704f883-67de-4763-8105-89f7c35b27db,e6e3e084-6729-4c78-82f7-47525aa1b986,9ab76931-aeeb-4afa-bd81-01968bc461c6,2026-06-19 23:00:12,2026-06-19 23:22:12
